"ProductId","Image Url","Video Url","Product Desc","Origin Price","Discount Price","Discount","Currency","Commission Rate","Commission","Sales180Day","Positive Feedback","Promotion Url"
"32976414217","https://ae04.alicdn.com/kf/HTB1_VgvbdzvK1RkSnfoq6zMwVXao.jpg","http://cloud.video.taobao.com/play/u/2675628091/p/1/e/6/t/1/219642768604.mp4","Fashion Pet Cat Costume Summer Cat Vest Hoodie Cozy Mascoats Gotos Clothes for Cats Katten Coat Kedi Clothing Sweatshirt Outfit","USD 1.73","USD 1.35","22%","USD","7","USD 0.09","1235","95.2%","https://s.click.aliexpress.com/e/_DcZpOTh"
"1005004518353914","https://ae04.alicdn.com/kf/S4833c5cb57c04178b865e28447f6a3e9c.jpg","http://cloud.video.taobao.com/play/u/2675628091/p/1/e/6/t/1/1100064841392.mp4","2022 Fashion Men Windbreaker Jackets Casual Slim Jacket Men Outdoor Coat Spring Autumn Army Cargo Bomber Jacket Men Clothing","USD 52.48","USD 30.44","42%","USD","9","USD 2.74","30","100.0%","https://s.click.aliexpress.com/e/_DklM8sx"
"32286158373","https://ae04.alicdn.com/kf/Hc4fa60f8d2894220a133183f1158cbe2w.jpg","http://cloud.video.taobao.com/play/u/2675628091/p/1/e/6/t/1/291610687511.mp4","HOOPET Big Dog clothes Large Dog Coat Purple Warm Cotton-padded Two Feet Clothes Thicken Hoodie coat jacket Dog Clothes","USD 17.24","USD 15.17","12%","USD","8.0","USD 1.21","47","95.7%","https://s.click.aliexpress.com/e/_Dl3CWdl"
"32964083022","https://ae04.alicdn.com/kf/HTB1ZK6oaorrK1RkSne1q6ArVVXaA.jpg",,"2020 Lika S-XXL New Spring Fashion Bright Colors Good Quality Ladies Basic Street Women Short PU Leather Jacket FREE Accessories","USD 26.00","USD 20.02","23%","USD","9","USD 1.80","20","90.0%","https://s.click.aliexpress.com/e/_DDUKhMn"
"4000072658124","https://ae04.alicdn.com/kf/H0e86cea2d6054138a0949b073f0aeeaf6.jpg",,"Red Black Dog Clothes Warm Coat Harness Waterproof Puppy Cat Padded Vest For Winter Dog Jacket Dogs Pets Clothing Costume XS-XXL","USD 2.70","USD 2.19","19%","USD","8.0","USD 0.18","42","88.0%","https://s.click.aliexpress.com/e/_DBbS7fN"
"4001212727383","https://ae04.alicdn.com/kf/H0793fce76aa04d6ca02b06a64dc42cd5w.jpg",,"Girls Pu Zipper Jackets Cool Jacket For Girl 3-12 Years Kids Classic Collar Coats Teen Windbreaker Clothing Children's Outerwear","USD 19.95","USD 15.36","23%","USD","9","USD 1.38","50","90.6%","https://s.click.aliexpress.com/e/_DFfgUif"
"4001354518175","https://ae04.alicdn.com/kf/Ha14177c1e5a94284b7bb4365a0529307Q.jpg",,"Dog Winter Coat Coats Warm Clothes Small Puppy Clothing For French Bulldog Dogs Pets Waterproof Suit XXL Pet Jackets Snowsuit","USD 18.50","USD 12.95","30%","USD","7","USD 0.91","80","95.0%","https://s.click.aliexpress.com/e/_DEBYyzd"
"1005002704854141","https://ae04.alicdn.com/kf/S734e3407a2cf4bc5bb604608a04442766.jpg","http://cloud.video.taobao.com/play/u/2675628091/p/1/e/6/t/1/311814882289.mp4","2022Spring and Autumn New Men's Jacket Youth Stand-up Collar Casual Plus Size Windbreaker Fashion Men Clothing Jackets for Men","USD 45.78","USD 23.35","49%","USD","15.0","USD 3.50","35","67.5%","https://s.click.aliexpress.com/e/_Dd7qQ15"
"1971642251","https://ae04.alicdn.com/kf/HTB1IkWbKFXXXXXkXpXXq6xXFXXXN.jpg",,"Rare Classic MJ MICHAEL JACKSON CUSTOM Classic Beat It MV Red Zipper Leather Jacket","USD 72.00","USD 64.80","10%","USD","9","USD 5.83","23","100.0%","https://s.click.aliexpress.com/e/_DnaipH1"
"32758351620","https://ae04.alicdn.com/kf/HTB17fbmNVXXXXaEXXXXq6xXFXXXj.jpg",,"Pet Dog Clothes Winter Warm Dog Green Coat Jumpsuit Thicken Pet Clothing For Yorkshire Teddy Dogs Costume Puppy Clothes Jackets","USD 4.60","USD 3.91","15%","USD","7","USD 0.27","71","100.0%","https://s.click.aliexpress.com/e/_DEDSNbz"
"1005002598326724","https://ae04.alicdn.com/kf/S621cfd99398841ddb59e9143d6f036ac1.jpg","http://cloud.video.taobao.com/play/u/2675628091/p/1/e/6/t/1/308991566386.mp4","Embroidery M Letter Harajuku Baseball Jacket Coats Men Women Hip Hop Printed Couples Harajuku Patch Varsity Bomber Jackets M-3XL","USD 52.29","USD 33.99","35%","USD","9","USD 3.06","79","76.7%","https://s.click.aliexpress.com/e/_DEmKTS3"
"1005001658509284","https://ae04.alicdn.com/kf/He3965f7e1abf4714865e39738b91414bg.jpg","http://cloud.video.taobao.com/play/u/2675628091/p/1/e/6/t/1/249021501542.mp4","pawstrip Warm Dog Clothes Puppy Jacket Coat Cat Clothes Dog Sweater Winter Dog Coat Clothing For Small Dogs Chihuahua XS-2XL","USD 1.78","USD 1.07","40%","USD","8.0","USD 0.09","1513","96.3%","https://s.click.aliexpress.com/e/_DBRLY6B"
"32906257996","https://ae04.alicdn.com/kf/HTB1gWxvmQomBKNjSZFqq6xtqVXav.jpg",,"2021 Autumn Top gun Us navy MA1 letterman varsity baseball Pilot air force flight college tactical military army jacket for men","USD 44.80","USD 26.88","40%","USD","9","USD 2.42","120","95.6%","https://s.click.aliexpress.com/e/_DDBBSqr"
"1005004492106799","https://ae04.alicdn.com/kf/S99a33f5ac30c45c898e926b353dd9195e.jpg",,"2022 Spring and Autumn New Tops, Leather Jackets, Women's Short PU Motorcycle Suits, Slim and Slim Winter Leather Jackets","USD 16.35","USD 9.81","40%","USD","11.0","USD 1.08","25","97.1%","https://s.click.aliexpress.com/e/_DF2N58J"
"1005004077516536","https://ae04.alicdn.com/kf/Se7284ddc6c8b4717b49224786d85f5b6j.jpg",,"Waterproof Outdoor Jacket, Bomber Military Style, Quick-Drying, Multi-Pocket, Plus Size","USD 72.46","USD 38.40","47%","USD","9","USD 3.46","23","93.3%","https://s.click.aliexpress.com/e/_Dl5e23D"
"1005002430789520","https://ae04.alicdn.com/kf/Hc932c8f44cb240df84f7fd8d8d6c4613i.jpg","http://cloud.video.taobao.com/play/u/2675628091/p/1/e/6/t/1/340414351042.mp4","TRVLWEGO Camping Hiking Jacket Women Autumn Outdoor Sports Coats Climbing Trekking Windbreaker Travel Waterproof Purple Rosy","USD 91.10","USD 21.86","76%","USD","8.0","USD 1.75","262","96.2%","https://s.click.aliexpress.com/e/_DdJWMuF"
"4000219804496","https://ae04.alicdn.com/kf/H6e78097d9bac4ddd820158aaa5fcea54n.jpg",,"2019 newest super LIGHTWEIGHT PRO TEAM II CYCLING WINDPROOF JACKET LONG SLEEVE WIND BREAK jacket package for easy to carry women","USD 29.99","USD 26.39","12%","USD","7","USD 1.85","135","95.0%","https://s.click.aliexpress.com/e/_Dm7pz1p"
"4000319352065","https://ae04.alicdn.com/kf/H5db239e021344dd5bfc30b29bb27c38aC.jpg",,"Pet Dog Clothes Winter Leopard Pattern Tutu Coats Jackets for Small Large Dogs Cat Clothing Warm Striped Winter Costume","USD 2.89","USD 2.25","22%","USD","7","USD 0.16","21","100.0%","https://s.click.aliexpress.com/e/_DdwHLIj"
"1005003293751832","https://ae04.alicdn.com/kf/Hed599e0e8d184cf394ccfbe76b1911bct.jpg",,"7.5"" Transformation Robot Car Toys Airplane Action Figure Modle BEST Gift Education Children","USD 12.57","USD 10.68","15%","USD","8.0","USD 0.85","32","100.0%","https://s.click.aliexpress.com/e/_DmU0syb"
"1005003648219193","https://ae04.alicdn.com/kf/Hfa296fa07aed4801a7d07b26292d7f72g.jpg",,"16CM Disney Marvel Series Venom Glowing Action Figure Children's Toy Movie Avengers Charm Hero Car Ornament Gift","USD 3.00","USD 1.83","39%","USD","7","USD 0.13","28","95.6%","https://s.click.aliexpress.com/e/_DdAxsob"
"1005002402151137","https://ae04.alicdn.com/kf/H22d73489b6384af7b8eb6d0c7e91c016m.jpg",,"2pcs/set Kuroba Finger Guessing Game Deformation Educational Toys Rock-Paper-Scissors Battle Boy and Girl Family Party Toys","USD 40.33","USD 23.79","41%","USD","8.0","USD 1.90","32","73.3%","https://s.click.aliexpress.com/e/_DnKxhHD"
"1005002460270184","https://ae04.alicdn.com/kf/H90e63782c3934268aa9ae350459a5978B.jpg",,"Robot WALL E Tiny Collection Action Figure Toys","USD 2.47","USD 2.47","0%","USD","7","USD 0.17","34","90.0%","https://s.click.aliexpress.com/e/_Dnt6PeL"
"1005004024440913","https://ae04.alicdn.com/kf/S5f7a85870a91407ba9ca2a38dafe804bG.jpg","http://cloud.video.taobao.com/play/u/2675628091/p/1/e/6/t/1/352071511201.mp4","New Hot 3/5Pcs Three Little Kitten PVC Anime Figure Russian Cartoon Happy e-Cat Family Figurine Model Doll Toy for Child Gift","USD 6.31","USD 4.80","24%","USD","7","USD 0.34","145","97.5%","https://s.click.aliexpress.com/e/_DkHMOOR"
"32951485248","https://ae04.alicdn.com/kf/HTB11x5tXOnrK1RjSsziq6xptpXaS.jpg",,"4pcs/set 8cm Robot Trains Transformation Kay Alf Dynamic Train Family Deformation Train Car action figure toys toys for children","USD 23.32","USD 16.32","30%","USD","8.0","USD 1.31","38","90.0%","https://s.click.aliexpress.com/e/_DlqrVbH"
"4000002789333","https://ae04.alicdn.com/kf/H0051294fa03e4f33b725a817a3c638ebu.jpg",,"Mini Soundwave With Laserbeak Transformation MFT HS-03 HS03 Hot Soldiers G1 Pocket War Deformation Action Figure Robot Toy Gifts","USD 27.20","USD 18.50","32%","USD","7","USD 1.30","141","97.4%","https://s.click.aliexpress.com/e/_DCDmVL9"
"32739723197","https://ae04.alicdn.com/kf/HTB1zT1RNpXXXXcsXXXXq6xXFXXXS.jpg",,"1pcs Hot Gift Collector's Edition Dota 2 Game Figure SLARK VS TINY Doom Boxed Exquisite PVC Action Figures Collection Dota2 Toys","USD 11.86","USD 4.74","60%","USD","7","USD 0.33","204","92.6%","https://s.click.aliexpress.com/e/_DDbITr9"
"1005001548910934","https://ae04.alicdn.com/kf/H979d72b0bab84852a56e56bccd05ddf2N.jpg",,"APC-Toys Apache Transformation Toys TFP Leader's Witness Prime OP Robot Transformed Into Car Model","USD 42.88","USD 42.88","0%","USD","7","USD 3.00","40","96.3%","https://s.click.aliexpress.com/e/_DdH8yjp"
"1005004104979113","https://ae04.alicdn.com/kf/S1629806722de497aa5d122ff7886cca84.jpg",,"Bakuganes,Unique 5 8 12 Children's Suitable For Children Toy Burst Collectible Action Figures Fusion met Mo	nster Ball","USD 6.80","USD 3.40","50%","USD","7","USD 0.24","45","85.0%","https://s.click.aliexpress.com/e/_DBPGUYx"
"1005002266589598","https://ae04.alicdn.com/kf/He8143e458cc24fc2b9e52c8c4bd92968x.jpg",,"5cm Soldier GK Military Soldier PVC Model Toys Robot Army Fan Collection Solid Model Garage For Kid Child Family Educational Toy","USD 23.65","USD 14.90","37%","USD","8.5","USD 1.27","24","97.1%","https://s.click.aliexpress.com/e/_DF4eNmT"
"1005004491331309","https://ae04.alicdn.com/kf/Sf399e4ea11504b35b22324362c164a844.jpg","http://cloud.video.taobao.com/play/u/2675628091/p/1/e/6/t/1/1100060888677.mp4","Kids Dancing Robot Rotating Light Music Electronic Sing Toys Robot Children Intelligent Early Education Toy For Birthday Gift","USD 16.63","USD 7.98","52%","USD","7","USD 0.56","215","90.0%","https://s.click.aliexpress.com/e/_DCys7UB"
"32769813352","https://ae04.alicdn.com/kf/HTB1DGxAPVXXXXaiapXXq6xXFXXXt.jpg",,"DOTA 2 Game Figure Kunkka Lina Pudge Queen Tidehunter CM FV PVC Action Figures Collection dota2 Toys","USD 11.98","USD 7.19","40%","USD","8.0","USD 0.58","76","95.2%","https://s.click.aliexpress.com/e/_DknKsWJ"
"1005002404119701","https://ae04.alicdn.com/kf/H2bcec71964474f3facbe41e151eb66027.jpg",,"18cm Transformation robot toy car model anime action figure movie series SS38 tank model boy kids gift collection","USD 19.31","USD 12.36","36%","USD","8.0","USD 0.99","680","91.0%","https://s.click.aliexpress.com/e/_Dm0obgR"
"1005004447077583","https://ae04.alicdn.com/kf/S566b01958020471f8b6f17826c61dd2cJ.jpg",,"RoboCop Murphy  robot 35th Anniversary Luxury movie Anime Game Figurine PVC Action Figure Model Toy","USD 95.00","USD 89.30","6%","USD","7","USD 6.25","32","100.0%","https://s.click.aliexpress.com/e/_DmbJyAP"
"1005003247351441","https://ae04.alicdn.com/kf/H2ffde6166b6545f9867861cb6571e635c.jpg",,"2021 Mini Force Transformation Robot Toys Action Figures MiniForce X Volt Simulation Car Airplane Deformation Mini Toy","USD 15.20","USD 9.73","36%","USD","8.0","USD 0.78","72","88.6%","https://s.click.aliexpress.com/e/_DcHFSkT"
"1005003420690483","https://ae04.alicdn.com/kf/H7b06110d17244103939c8f65cfe05cd1V.jpg",,"8Pcs 13cm Disney Movie Real Steel Zeus Atom Midas Adam Raider Robot Noisy Boy Action Figure Model Toys Gift","USD 8.46","USD 6.77","20%","USD","7","USD 0.47","59","94.7%","https://s.click.aliexpress.com/e/_DdyOTsP"
"1005003288781968","https://ae04.alicdn.com/kf/S66532ee9000f492292af5b2e0fe8cfe3a.jpg",,"Star Wars Action Figure Robot R2-D2 Joints Movable 3.75-inches Model Ornaments Toys Children Gifts","USD 14.92","USD 12.23","18%","USD","8.0","USD 0.98","46","96.9%","https://s.click.aliexpress.com/e/_De0wp1v"
"1005003113309446","https://ae04.alicdn.com/kf/Hc255ed29d8e34e7bb62026e93ffa6d224.jpg",,"Children Toys Mini Transformation Robot Kit Toys Models 2 in 1 Deformed Car Toy Robots Toys For Kids Gift","USD 4.95","USD 3.46","30%","USD","10.0","USD 0.35","1160","92.6%","https://s.click.aliexpress.com/e/_DDlJCvV"
"1005003695092567","https://ae04.alicdn.com/kf/H1f8dce0f247b4037977e0a32922af5d39.jpg",,"New radio paw patrol toy set cartoon anime radio walkie-talkie parent-child outdoor interactive telephone game toy gift","USD 9.43","USD 7.35","22%","USD","15.0","USD 1.10","63","70.8%","https://s.click.aliexpress.com/e/_DE3TaVH"
"1005004099804919","https://ae04.alicdn.com/kf/S353a2f3c647c409a845a37d48056bbf57.jpg",,"JOYTOY 1/18 Action Figure Mecha Robot The Stars Xingtian Mecha Pilot Collection Model Toys Gift Free Shipping","USD 278.25","USD 122.43","56%","USD","7","USD 8.57","23","100.0%","https://s.click.aliexpress.com/e/_DFz3fxl"
"1005004202034719","https://ae04.alicdn.com/kf/Sfc6e845119664af09d4beb832e54e337N.png",,"New Bakuganes Battle Ball Catapult Battle Platform Card Monster Action Toy Figures Tall Collectible Figures Toy for Kids","USD 7.24","USD 3.62","50%","USD","7","USD 0.25","38","100.0%","https://s.click.aliexpress.com/e/_DFtmw2B"
"1005003159966516","https://ae04.alicdn.com/kf/H57dc5548639041d2beac16aef47415c2l.jpg",,"Transformation APC TOYS  Apache Magic Voice EvilVoice TFP Leader's Certificate Sonic Air Force Air Force Transform Robot","USD 45.50","USD 45.50","0%","USD","7","USD 3.18","20","100.0%","https://s.click.aliexpress.com/e/_Dm7JAGT"
"1005002321220471","https://ae04.alicdn.com/kf/H7bdb344083ab497683efb2df872c807e9.jpg","http://cloud.video.taobao.com/play/u/2675628091/p/1/e/6/t/1/305878490635.mp4","Super Wings S4 S5 Mini Transforming Toy Deformation Airplane Robot Action Figures Cartoon Transformation Toys For Children Gifts","USD 11.42","USD 7.99","30%","USD","8.0","USD 0.64","78","95.2%","https://s.click.aliexpress.com/e/_Dd1RyKJ"
"1005003385786670","https://ae04.alicdn.com/kf/Hec709b51f52c4d19a4cb461052a7665bI.jpg",,"2022 Marvel superhero, Avengers, Iron Man, Superman, action board,  of Christmas and birthday gifts children's toys","USD 5.98","USD 2.99","50%","USD","7","USD 0.21","47","97.1%","https://s.click.aliexpress.com/e/_DcjunLH"
"1005003149037522","https://ae04.alicdn.com/kf/H5a322defb88146e8ae4b4001f785f392x.jpg","http://cloud.video.taobao.com/play/u/2675628091/p/1/e/6/t/1/1100038809493.mp4","BMB LS03 Masterpiece Transformation Action Figure Toy OP Commander Movie Model KO MPM04 MPM-04 Convoy Deformation Car Robot","USD 119.09","USD 79.79","33%","USD","7","USD 5.59","25","96.7%","https://s.click.aliexpress.com/e/_DczUopN"
"1005004106585637","https://ae04.alicdn.com/kf/S29a2352ec1d749758e1efb7f0dea9f87w.png",,"New Bakuganes Battle Ball Catapult Battle Platform Card Monster Action Toy Figures Tall Collectible Figures Toy for Kids","USD 7.12","USD 3.56","50%","USD","7","USD 0.25","293","94.1%","https://s.click.aliexpress.com/e/_Dm9hmvN"
"1005002421316528","https://ae04.alicdn.com/kf/S52ebdd7135a848818df8e59d5c498d1bK.jpg","http://cloud.video.taobao.com/play/u/2675628091/p/1/e/6/t/1/304536229309.mp4","ABS Gogo Bus Transformation Vehicle 3 Changeable Face Expression Action Figures Deformation Ambulance/Police/Fireman Slide Toys","USD 22.70","USD 14.75","35%","USD","7","USD 1.03","22","100.0%","https://s.click.aliexpress.com/e/_DDu9TDv"
"1005004426276598","https://ae04.alicdn.com/kf/S7c9ece507adc458b8197534f680e6ffbA.jpg",,"COMIC CLUB IN-STOCK SNAA Super Nova Mobile Armor XH-01 Hunt And Kill Air Combat Enhanced Weapon Assembly Robot Model Figure Toys","USD 49.99","USD 39.99","20%","USD","7","USD 2.80","29","100.0%","https://s.click.aliexpress.com/e/_DCmyjiT"
"1005004174003692","https://ae04.alicdn.com/kf/S6829453c3b6147de923fdff830f6013eS.jpg",,"【In Stock】Dream Star Toys DST01-001 Slingshoot Slingshot 3rd Party Robot Transformation Toys Action Figures Plastic Collection","USD 121.99","USD 121.99","0%","USD","7","USD 8.54","30","100.0%","https://s.click.aliexpress.com/e/_DDML6oL"
"1005003278749333","https://ae04.alicdn.com/kf/H582633f2b2ce4a02b3b0c934bd82d3224.jpg",,"Big!!! ABS Tobot Transformation Robot Toys Korea Cartoon Brothers Anime Tobot Deformation Car Airplane Toys for Child Gift","USD 82.37","USD 56.84","31%","USD","7","USD 3.98","24","86.7%","https://s.click.aliexpress.com/e/_DkV6K1V"
"1005003208719163","https://ae04.alicdn.com/kf/S79bd340b2c1240aa934fc3124edea147T.jpg",,"1Pcs Superthing Super Zings Superzing Kid Fury Immitation? Series 5 Ultra Rare Figure Model Limited Collection Toy For Kid Child","USD 5.63","USD 4.28","24%","USD","7","USD 0.30","44","98.3%","https://s.click.aliexpress.com/e/_DmpLDIx"
"4001009993687","https://ae04.alicdn.com/kf/Hb0c51932af3841f496085170055abb2es.jpg",,"1PC Transformation Robot Car Toys Kid Action Figures Toy Mini Deformation Car Vehicle Education Toy For Children K0121","USD 3.99","USD 3.59","10%","USD","7","USD 0.25","33","90.7%","https://s.click.aliexpress.com/e/_DFXhNWx"
"1005001332717779","https://ae04.alicdn.com/kf/S54ed3e8fbab8445b9528a1f756a052b28.jpg",,"COMIC CLUB IN-STOCK APC Toys Dark Master TFP Transformation OP Action Figure Robot Toys","USD 44.00","USD 35.20","20%","USD","7","USD 2.46","31","87.5%","https://s.click.aliexpress.com/e/_DDqpGQP"
"1005001884951591","https://ae04.alicdn.com/kf/Hccd814da2f3745ff9925dd974655b346L.jpg",,"Anti War Balloon Robot Kid Ball-oon Fight Game Children Doll Toys Mixed Colours Multiplayer Game For Kids Girl Boy Gift Fight Ga","USD 27.60","USD 27.60","0%","USD","7","USD 1.93","32","86.7%","https://s.click.aliexpress.com/e/_DELxA6f"
"1005001954804147","https://ae04.alicdn.com/kf/Sa949eae9950747628825001ac1045788Q.jpg",,"TOMY Pokemon Anime God Beast Large Movable Robot Figure Toy 6-13 Cm Charizard Greninja Solgaleo Arceus Groudon Decoration Gift","USD 4.70","USD 3.52","25%","USD","7","USD 0.25","385","90.2%","https://s.click.aliexpress.com/e/_DeEsWRp"
"1005003589702406","https://ae04.alicdn.com/kf/H2470660460794efcba2f66994fb03749d.jpg","http://cloud.video.taobao.com/play/u/2675628091/p/1/e/6/t/1/348072157082.mp4","Blaze Monster Machines Anime Figure Plastic/Alloy Deformed Robot Car Toy Action Figure Model Kids Toys Children Christmas Gifts","USD 34.79","USD 17.74","49%","USD","8.0","USD 1.42","55","95.0%","https://s.click.aliexpress.com/e/_Dl8zL91"
"4000279052908","https://ae04.alicdn.com/kf/H6028e276117b47a98bbc17d46ae93d0ba.jpg","http://cloud.video.taobao.com/play/u/2675628091/p/1/e/6/t/1/230557998055.mp4","WJ Transformation OP Commander MPP10 MPP-10 MasterPiece 33cm Alloy Action Figure Robot Model Collection Deformed Toy Kids Gifts","USD 90.35","USD 63.24","30%","USD","7","USD 4.43","31","97.3%","https://s.click.aliexpress.com/e/_DFBFbtt"
"1005004151241439","https://ae04.alicdn.com/kf/S66934c48116242629f9207ab7f3b398bW.png",,"Bakuganes Battle Ball Dragon Ball Toy Catapult Battle Platform Card Monster Action Toy Figures Tall Collectible Figures Toy","USD 7.48","USD 3.59","52%","USD","7","USD 0.25","46","90.0%","https://s.click.aliexpress.com/e/_DEtb4Kr"
"1005002376511893","https://ae04.alicdn.com/kf/S57c406aa69e24587abf8eed3b9758617Q.jpg","http://cloud.video.taobao.com/play/u/2675628091/p/1/e/6/t/1/321616292223.mp4","Super Wings 5"" Size Supercharged Transforming Crystal & Bucky Transform Bot Airplane Robot Figures Transformation Toys For Child","USD 27.12","USD 20.34","25%","USD","8.0","USD 1.63","93","100.0%","https://s.click.aliexpress.com/e/_DmskAMF"
"1005003201408228","https://ae04.alicdn.com/kf/H69a93d8cd8444873be24ce7521f23b921.jpg",,"Robot Gipsy Avenger & Saber Athena & Titan Redeemer & bracer Phoenix Raijin Knifhead & Axehead  PVC BJD Action Figure Toys","USD 9.70","USD 9.70","0%","USD","7","USD 0.68","104","94.5%","https://s.click.aliexpress.com/e/_DCN1rDt"
"33046689348","https://ae04.alicdn.com/kf/HTB1DYm2ef1H3KVjSZFHq6zKppXak.jpg","http://cloud.video.taobao.com/play/u/2675628091/p/1/e/6/t/1/229771685092.mp4","10PCS Transformation Number Robot Toy Building Blocks Deformation Pocket Morphers Educational Action Figure Toy for Children","USD 19.19","USD 12.66","34%","USD","8.0","USD 1.01","64","100.0%","https://s.click.aliexpress.com/e/_DeDB4oT"
"1005001315356139","https://ae04.alicdn.com/kf/H78c344634d7947d8b02879a50776f92cN.jpg","http://cloud.video.taobao.com/play/u/2675628091/p/1/e/6/t/1/1100015661813.mp4","AOYI Super Engine Heart H6003-6 H6003-6B  Flat Head Column Black Apple Commander Transformation Robot Toys Model","USD 50.89","USD 44.78","12%","USD","7","USD 3.13","26","100.0%","https://s.click.aliexpress.com/e/_DlOGPph"
"1005002742191359","https://ae04.alicdn.com/kf/H15c792e93e384a42a9ac1370f57a1b75s.jpg",,"New Toy Car Bulldozer Excavator Robot 2 in 1 Toy City Mini Construction Truck Transforming Robot For Kids Robot Toys Gift","USD 3.29","USD 2.30","30%","USD","12.0","USD 0.28","57","95.0%","https://s.click.aliexpress.com/e/_DCOAJfz"
"32847572432","https://ae04.alicdn.com/kf/HTB1FQ_nkJbJ8KJjy1zjq6yqapXaP.jpg",,"7pcs/lotTransformation Robot Car Kit Deformation Robot Action Figures Toy for Boy Vehicle Model Kids Gift","USD 10.36","USD 10.36","0%","USD","7","USD 0.73","113","90.5%","https://s.click.aliexpress.com/e/_DdxIidl"
"1005001412135082","https://ae04.alicdn.com/kf/Sb4001abc2e834b62beb1faa112dd7ca70.jpg",,"Dog Cat Hoodie Coat Outfit Faux fur collar Pet Puppy Jacket Winter Warm Clothes Apparel 6 Sizes","USD 5.49","USD 3.84","30%","USD","8.0","USD 0.31","33","100.0%","https://s.click.aliexpress.com/e/_Dei4ky3"
"1005004181812800","https://ae04.alicdn.com/kf/S732d92a8edf4491096c72289a33f56c6d.jpg","http://cloud.video.taobao.com/play/u/2675628091/p/1/e/6/t/1/1100014271489.mp4","New 6 Styles Pokemon Pikachu Charmander Psyduck Squirtle Jigglypuff Bulbasaur Kawaii Anime Figures Toys Model Pokémon Kids GIft","USD 7.99","USD 3.52","56%","USD","8.0","USD 0.28","194","94.7%","https://s.click.aliexpress.com/e/_Dc7EyY7"
"4001168116637","https://ae04.alicdn.com/kf/Hcc26d0683bdc431ab7b84c600d4b177cV.jpg",,"New Spring and Autumn Jacket Men's Outerwear Men's Fashion Jacket Fashion Casual Youth Slim Baseball Uniform Men's Clothing","USD 9.90","USD 5.64","43%","USD","9","USD 0.51","70","88.9%","https://s.click.aliexpress.com/e/_DFl4IZ5"
"1005003224676336","https://ae04.alicdn.com/kf/H8df87dcff2b8428d9ac79e61256baac7Y.jpg",,"Disney Stitch Kids Coat Winter Outfit with Fur Hood Thicken Warm Boys Girls Clothes Cotton Cartoon Hoodies Outerwear","USD 31.33","USD 18.48","41%","USD","9","USD 1.66","48","91.1%","https://s.click.aliexpress.com/e/_DehaulV"
"1005001613546345","https://ae04.alicdn.com/kf/H59c689021141431497358ed8b7ff4b80n.jpg",,"NEW LED Thanos kids marvel Black Panther SpiderMan Captain America Thor Iron Man Hulk Avengers action Figure toys Model Doll","USD 3.80","USD 3.42","10%","USD","8.0","USD 0.27","54","60.0%","https://s.click.aliexpress.com/e/_DBykZ7N"
"4000542715267","https://ae04.alicdn.com/kf/S8f2dae2ff77b40499905efffd6fa7397v.jpg",,"Winter Dog Coat Jacket Pet Clothes Warm Puppy Outfit ropa perro abrigo perro Yorkshire Poodle Pomeranian Schnauzer Dog Clothing","USD 16.66","USD 12.16","27%","USD","7","USD 0.85","32","100.0%","https://s.click.aliexpress.com/e/_DcgbdCR"
"32827908795","https://ae04.alicdn.com/kf/HTB157S.XjzuK1RjSsppq6xz0XXaB.jpg",,"Waterproof Dog Winter Coat Warm Puppy Jacket Vest Pet Clothes Apparel Dog Clothing For Small Medium Large Dogs Ropa Para Perros","USD 8.49","USD 8.07","5%","USD","8.0","USD 0.65","32","96.0%","https://s.click.aliexpress.com/e/_DeKE6y7"
"1005004359441169","https://ae04.alicdn.com/kf/S5f7fae332ea54695a49ba7e0251a08ae5.jpg",,"2022 Winter New Ladies Fashion Hooded Leather Jacket Motorcycle Jacket Street Ladies Tops Winter Ladies Casual Slim Fit Jacket","USD 13.50","USD 9.45","30%","USD","9","USD 0.85","64","97.5%","https://s.click.aliexpress.com/e/_Dk4uoKP"
"32897884428","https://ae04.alicdn.com/kf/H8b27ea72d80c4c2b80f5b78870e14264V.jpg",,"Wall-E Robot Wall E EVE PVC Action Figure Collection Model Toys Dolls 6cm 3 Types","USD 4.19","USD 3.48","17%","USD","7","USD 0.24","66","100.0%","https://s.click.aliexpress.com/e/_DlPMoVd"
"1005003268040917","https://ae04.alicdn.com/kf/Hea9580a8cfbb4312bbb6e25a03e334efH.jpg",,"Men's Waterproof Military Jacket Spring Autumn Casual Windbreaker Jackets Mens Breathable Hooded Outdoor Thin Coats 6XL Clothes","USD 32.68","USD 32.68","0%","USD","9.0","USD 2.94","42","70.0%","https://s.click.aliexpress.com/e/_DFDAOwX"
"1005003754356505","https://ae04.alicdn.com/kf/S3ac1dd2cd64e4071b3f70e1ee4f1c8d4x.jpg",,"Tobot Brother Transformation Free Shipping Kids Toys Korea Anime Deformed Robot Car Action Figure Mini Model Boy Child Gift","USD 24.17","USD 19.34","20%","USD","7","USD 1.35","99","97.3%","https://s.click.aliexpress.com/e/_DksDntD"
"32945101630","https://ae04.alicdn.com/kf/H07c54b4750a448a69f1b2477193b47ddO.jpg",,"Wall-E Robot Wall E & EVE PVC Action Figure Collection Model Toys Dolls 6cm/10cm","USD 6.60","USD 5.48","17%","USD","7","USD 0.38","264","96.7%","https://s.click.aliexpress.com/e/_DmTPafZ"
"1005002285828971","https://ae04.alicdn.com/kf/S0867061856164497b756917cda5b89d5e.png","http://cloud.video.taobao.com/play/u/2675628091/p/1/e/6/t/1/303843453071.mp4","Newest Type Smart Robots Dance Voice Command 3 Languages Versions Touch Control Toys Interactive Robot Toy Gift for Children","USD 30.10","USD 19.56","35%","USD","7","USD 1.37","573","93.6%","https://s.click.aliexpress.com/e/_DnDTIKf"
"1005003006798561","https://ae04.alicdn.com/kf/Hd96920d0111246eb94a3acc0e6f71e57J.jpg",,"Tactical Nylon Soft Shell Zipper Coat PCU L5 Outdoor Assault Suit Hunting Jacket Wind Coat Hiking Climbing Jacket","USD 73.68","USD 61.89","16%","USD","7","USD 4.33","26","92.0%","https://s.click.aliexpress.com/e/_DEo4bXl"
"33042446691","https://ae04.alicdn.com/kf/S5d6ffebc77d146f19b2e1a81029d4251l.jpg",,"Dog Cats Coat Jacket Pet Vest Dog Pet Harness Zipper Design Puppy Warm Hoodies Clothes  5 size 3 colors","USD 6.49","USD 4.87","25%","USD","7","USD 0.34","36","94.4%","https://s.click.aliexpress.com/e/_DkLZGz9"
"1005002302199087","https://ae04.alicdn.com/kf/H988c865aab744b91be611ff4bb14d8658.jpg",,"Newest Mini Force Transformation Toys with Sound and Light Action Figures MiniForce X Simulation Animal Dinosaur Mini Agent Toy","USD 30.38","USD 18.84","38%","USD","7","USD 1.32","60","94.7%","https://s.click.aliexpress.com/e/_DBWWFmF"
"1005004663821675","https://ae04.alicdn.com/kf/Sc30f7987c0ea43b791e9ff128605afacH.jpg","http://cloud.video.taobao.com/play/u/2675628091/p/1/e/6/t/1/1100082319679.mp4","Lulu Long Sleeve With Pockets Define Jacket Sports Workout Coat Women Quick Dry Breathable Fitness Yoga Running Zip Up Jackets","USD 55.22","USD 28.71","48%","USD","7","USD 2.01","113","90.0%","https://s.click.aliexpress.com/e/_Dl15AZz"
"1005003903286287","https://ae04.alicdn.com/kf/S981d85626f514aac956e7f08ee4e0983j.jpg",,"No Box 3 In 1 Transformation Robot Action Figure Toy Car Toys Cartoon Animation Model Set For Boys Birthdays Gifts","USD 17.52","USD 10.51","40%","USD","8.0","USD 0.84","51","91.7%","https://s.click.aliexpress.com/e/_DkW7g9z"
"1005004835460574","https://ae04.alicdn.com/kf/Scf01d620363b407fafb1885aceaa4a1ak.jpg",,"Coat Women Men Hoodie Trapstar Jacket Irongate Black Glitter Embroidery Letter Hood Removable Top Quality Winter Thermal","USD 222.98","USD 111.49","50%","USD","9","USD 10.03","26","null%","https://s.click.aliexpress.com/e/_Dk01xOb"
"1005002978605664","https://ae04.alicdn.com/kf/Hbb76c7f27de347a8b85f721e8e46c93bJ.jpg",,"Marvel Spider-man Handheld Toy Magnets Shake-head Action Figure Q Version Of The Hero's Return Avengers Furnishing Articles","USD 3.40","USD 2.21","35%","USD","8.0","USD 0.18","26","86.7%","https://s.click.aliexpress.com/e/_DFpkayF"
"32904158427","https://ae04.alicdn.com/kf/HTB1ozIsHv9TBuNjy0Fcq6zeiFXaY.jpg",,"New High Quality Pets Dog Clothes Coat Autumn Winter Dogs Pet Clothing Costume Clothes For Dogs Jacket roupa cachorro chihuahua","USD 10.40","USD 7.80","25%","USD","7","USD 0.55","203","90.9%","https://s.click.aliexpress.com/e/_DlM1G47"
"1005004183835786","https://ae04.alicdn.com/kf/Sf6a11f339f9a4db5b79f78d9c239071cs.jpg","http://cloud.video.taobao.com/play/u/2675628091/p/1/e/6/t/1/1100014475188.mp4","Pokemon Anime Action Figures Pikachu Toys Model Charmander Psyduck Squirtle Jigglypuff Bulbasaur Kawaii Collect Dolls Kids Gift","USD 9.00","USD 3.78","58%","USD","8.0","USD 0.30","31","94.3%","https://s.click.aliexpress.com/e/_DmSl9Qx"
"1005004701988846","https://ae04.alicdn.com/kf/S81bcbd79f8354780956988821fb8758dR.jpg",,"Kids Jacket 2022 Wyn Brand New Autumn Boys Girls Cute Corduroy Outwear Coat Baby Child Fashion Clothes","USD 31.89","USD 21.37","33%","USD","9","USD 1.92","25","null%","https://s.click.aliexpress.com/e/_DCjbZNZ"
"4000268522130","https://ae04.alicdn.com/kf/S089eb951229841f88b19fd1e05c2b353g.jpg",,"8pcs Real Steel Toys Atom Movie Zeus Twin Cities Midas Robot Action Figure 13cm Gift Doll Model Anime Non-JAKKS Robot","USD 25.58","USD 25.58","0%","USD","7","USD 1.79","82","92.9%","https://s.click.aliexpress.com/e/_DebXaMb"
"1005004458027476","https://ae04.alicdn.com/kf/S25014d1e0dc84d958e5937646f9e0d6b4.jpg",,"Transformation 6 in 1 Model MINI Devastator 21CM Action Figure Robot Plastic Toys BEST Gift Child Kid New","USD 20.88","USD 16.50","21%","USD","7","USD 1.16","35","100.0%","https://s.click.aliexpress.com/e/_DcRNAqr"
"32812753185","https://ae04.alicdn.com/kf/HTB1bu6kaELrK1Rjy0Fjq6zYXFXaI.jpg","http://cloud.video.taobao.com/play/u/2675628091/p/1/e/6/t/1/350594741173.mp4","Security Dog Clothes Classic Pet Dog Hoodies Clothes For Small Dog Autumn Coat Jacket for Yorkie Chihuahua Puppy Clothing","USD 1.67","USD 1.14","32%","USD","10.0","USD 0.11","106","95.7%","https://s.click.aliexpress.com/e/_DFrxX1t"
"1005003227052797","https://ae04.alicdn.com/kf/He544b3c1a9ac4eb09aa528070e0101c1s.jpg","http://cloud.video.taobao.com/play/u/2675628091/p/1/e/6/t/1/282032905082.mp4","ZD Genuine Marvel Avengers IRonman Mk2 Mk3 Mk4 Mk5 Mk6 MK7 Garage with LED Articulated Figure Toys 7 inch for Children Gift","USD 16.43","USD 16.43","0%","USD","7","USD 1.15","63","100.0%","https://s.click.aliexpress.com/e/_DEK4XFd"
"1005003178752849","https://ae04.alicdn.com/kf/H033f9388b95d438aabfffde09936ef98x.jpg",,"28 Style Silverlit Robocar Korea kids Toys Robot Poli Roy Haley Anime Metal Action Figure Cartoon Toy Car For Children Best Gift","USD 2.29","USD 1.62","29%","USD","7","USD 0.11","462","98.6%","https://s.click.aliexpress.com/e/_DESBTw7"
"1005001568335104","https://ae04.alicdn.com/kf/Hd768d4adf4d44e5ab80940ff54dc560a6.jpg","http://cloud.video.taobao.com/play/u/2675628091/p/1/e/6/t/1/238957680722.mp4","pawstrip Outfits Warm Small Dog Clothes Winter Pet Dog Coat For Chihuahua Soft Fur Hood Puppy Jacket Clothing For Dogs Chihuahua","USD 5.65","USD 3.39","40%","USD","8.0","USD 0.27","1117","95.3%","https://s.click.aliexpress.com/e/_DlFfok7"
"1005002523258584","https://ae04.alicdn.com/kf/Sadb26bd8e8bb4cffb2b506c7301f2b02F.jpg","http://cloud.video.taobao.com/play/u/2675628091/p/1/e/6/t/1/307301883325.mp4","2021 Hot RC Robot Smart Action Walk Singing Dance Action Figure Gesture Sensor Toys Gift for Children","USD 33.54","USD 18.11","46%","USD","10.5","USD 1.90","204","96.2%","https://s.click.aliexpress.com/e/_DmhaluB"
"1005004302937031","https://ae04.alicdn.com/kf/Sd5655cd444aa48229dc681357c9db07fK.jpg","http://cloud.video.taobao.com/play/u/2675628091/p/1/e/6/t/1/1100031382684.mp4","Alloy Disney Avengers Car Batmobile Captain America Hulk Ironman Spiderman Action Figures Racing Model  Toy For Boys Gift","USD 2.55","USD 1.45","43%","USD","7","USD 0.10","304","91.2%","https://s.click.aliexpress.com/e/_Dea5975"
"1005004031580338","https://ae04.alicdn.com/kf/Sf1dae5f235f94c0196d1a9fb7d5fd499h.jpg",,"Plus Size ARC Three-Layer Outdoor Waterproof Jacket For Men GORE-TEXPRO SV Jackets Male Casual Hiking Climbing Coat Men Clothing","USD 145.80","USD 74.36","49%","USD","9.0","USD 6.69","95","100.0%","https://s.click.aliexpress.com/e/_DdYhSQB"
"4001119114268","https://ae04.alicdn.com/kf/S2f27eb17331c43bc934d47dd345454dcA.jpg",,"Super Wings Transforming Egg Jett Dizzy Donnie Catapult Mini Planes Deformation Airplane Robot Eggs Action Figures Kids Toy Gift","USD 15.13","USD 10.59","30%","USD","8.0","USD 0.85","57","100.0%","https://s.click.aliexpress.com/e/_DmujEZ9"
"1005004356734111","https://ae04.alicdn.com/kf/Se01d5b53d03e4a30a00afe70408bd0e2z.jpg",,"COMIC CLUB IN-STOCK EW EffectsWings Bracket For Burst Armor For MG 1/100 OO VIRTUE Assembly Model Robot Figure Toy","USD 14.50","USD 11.74","19%","USD","7","USD 0.82","33","100.0%","https://s.click.aliexpress.com/e/_DCvjoaJ"
"32860795865","https://ae04.alicdn.com/kf/HTB1ArtKbyCYBuNkHFCcq6AHtVXab.jpg",,"children's pu jacket Girls motorcycle jacket kid outwear solid color Zipper belt Faux Leather spring Autumn fashion pu jacket","USD 15.48","USD 11.92","23%","USD","8.0","USD 0.95","49","98.5%","https://s.click.aliexpress.com/e/_DCl71bH"
"1005004068690546","https://ae04.alicdn.com/kf/Sa31aad0b17f741d4858edd0969d4d0c1T.jpg","http://cloud.video.taobao.com/play/u/2675628091/p/1/e/6/t/1/1100003479220.mp4","AOYI BMB Transformation Transforming Robot Toys Truck head Alloy Edition Anime Action Figure Tank Model Toys For Kids Gift","USD 34.99","USD 16.10","54%","USD","10.0","USD 1.61","84","93.3%","https://s.click.aliexpress.com/e/_DC5AKrh"
"1005004144841276","https://ae04.alicdn.com/kf/S5a6ec4a9e6fc4851a11bd9a06cbfea09l.jpg",,"Men Motorcycle Vest Four Seasons Sleeveless Jacket Leather Embroidery Leather Splicing Biker Harley Waistcoat Male Classic Retro","USD 70.26","USD 36.54","48%","USD","9.0","USD 3.29","22","100.0%","https://s.click.aliexpress.com/e/_DkUtBgJ"
"1005003926719103","https://ae04.alicdn.com/kf/Se81578342b5a49068a49a6c852502517Y.jpg","http://cloud.video.taobao.com/play/u/2675628091/p/1/e/6/t/1/348688622725.mp4","Disney Marvel Spider Man Iron Man Batman Children Deformation Robot Projection Electronic Watch Anime Kids Toys Gifts","USD 16.39","USD 8.03","51%","USD","8.0","USD 0.64","73","99.1%","https://s.click.aliexpress.com/e/_Dl6cRND"
"1005001810859930","https://ae04.alicdn.com/kf/H590ba8e5d2834c698686f65bd3a09de9Y.jpg",,"G1 Transformation Galvatron Devastator Tyrant MFT MF-07 MF07 KO DX9 D07 Pocket War Action Figure Robot Toy Collection Model Gift","USD 16.60","USD 14.11","15%","USD","7","USD 0.99","66","94.8%","https://s.click.aliexpress.com/e/_DmfAvDt"
"1005003996989387","https://ae04.alicdn.com/kf/S1d88857dda1e4d87b047a08d61a760621.png",,"Mens bomber jackets National Geographic jacket streetwear hombre Spring Autumn Winter Coats Male Windbreak Jackets","USD 25.65","USD 16.42","36%","USD","9","USD 1.48","227","73.3%","https://s.click.aliexpress.com/e/_DEYJEPv"
"1005001999537944","https://ae04.alicdn.com/kf/S37e42a6f3b34475da99e0d69a0b3cae8g.jpg","http://cloud.video.taobao.com/play/u/2675628091/p/1/e/6/t/1/320282733808.mp4","M65 Winter Tactical Parka Outdoor Warm Camouflage Military Jacket Coat Multicam Hoodie Outwear Dropship Casual Multi Pockets","USD 97.55","USD 47.80","51%","USD","7","USD 3.35","416","96.5%","https://s.click.aliexpress.com/e/_DEUWj4J"
"1005003965813480","https://ae04.alicdn.com/kf/S5e9c28ec8cdf4763b9d46eaf4f74860f9.jpg","http://cloud.video.taobao.com/play/u/2675628091/p/1/e/6/t/1/310522495031.mp4","building block Technical Train series KAZI Electric railway track laying machine engineering educational assembling toy","USD 52.29","USD 22.48","57%","USD","7","USD 1.57","39","96.0%","https://s.click.aliexpress.com/e/_DkCYibZ"
"1005003779985869","https://ae04.alicdn.com/kf/H2537fe97255a4d678eda04339f7d03eeB.png",,"New High Tech Classic Blue Truck Building Blocks Model City Sports Car Technical Bricks Assembling DIY Toys for Boys Gift Set","USD 54.88","USD 27.99","49%","USD","7","USD 1.96","27","100.0%","https://s.click.aliexpress.com/e/_Dm3QVKF"
"1005004221939878","https://ae04.alicdn.com/kf/Saea7b755592949938b263e2f8f67a75bJ.jpg",,"MOC City Mechanical High-tech Expert Famous Sports Car Building Bricks Racing Vehicle Educational Toys Boy Gift For Children","USD 22.03","USD 15.42","30%","USD","7","USD 1.08","60","98.6%","https://s.click.aliexpress.com/e/_DmsiPfN"
"1005002688515772","https://ae04.alicdn.com/kf/Hda7c8d40b55641f2b91b60048a9acf77f.jpg",,"MOC City Car Classic Sci-fi Movie Blade Runner Spinner 1982 Speed Building Blocks Flying High-Tech Vehicle Aerocar Model Toy Kid","USD 33.25","USD 15.96","52%","USD","12.0","USD 1.92","22","92.7%","https://s.click.aliexpress.com/e/_DBJQeYT"
"1005002281396963","https://ae04.alicdn.com/kf/Hb018379a6ba9491e8f571f707d5cdbe6u.jpg",,"High-Tech K1-1A K1-1B 3874Pcs Red Black 1:8 Super Racing Sport Car Model Building Blocks Bricks MOC-39933 2102  YX01 Toys Gifts","USD 125.00","USD 100.00","20%","USD","7","USD 7.00","27","100.0%","https://s.click.aliexpress.com/e/_DCRzd2j"
"1005004612667765","https://ae04.alicdn.com/kf/Sd266937010344d72af26fdf96bf2cdd3a.jpg",,"92030 755pcs Jiestar High-tech Moc Aoi Zard NP-1 F1 Formula One Super Speed Racing Car Technical Model Building Blocks Boys Toys","USD 31.68","USD 20.91","34%","USD","7","USD 1.46","58","96.5%","https://s.click.aliexpress.com/e/_DdgGI4x"
"1005004688867937","https://ae04.alicdn.com/kf/S2231d081c9794881b31ae489ff19991bX.jpg",,"MOC Bricks Tech Car Series Doms Dodged Charger 42111 Model Building Blocks 1077pcs Racing Cars Toys For Children Christmas Gift","USD 39.00","USD 29.64","24%","USD","7","USD 2.07","38","100.0%","https://s.click.aliexpress.com/e/_DlxCsFp"
"1005003526432814","https://ae04.alicdn.com/kf/Hb0e18c7bd7954d04b9b473eaa4562078v.jpg",,"High-Tech Sport Car Dodge Charger Racing Model Bricks Compatible with MOC-42111 Building Blocks Educational Toys for Boys Gifts","USD 55.74","USD 39.02","30%","USD","8.0","USD 3.12","126","96.1%","https://s.click.aliexpress.com/e/_Dn19sKr"
"1005004207181275","https://ae04.alicdn.com/kf/Sceb7378d82d54d108d7a87c5f2d0f897t.jpg",,"MOC High-Tech Parts Bricks Cross Axle Connector Panel Gear Car Robot Random Bulk Building Blocks Construction Toys Kids Gifts","USD 16.35","USD 8.17","50%","USD","7","USD 0.57","24","95.0%","https://s.click.aliexpress.com/e/_DFnmqAn"
"1005002518301834","https://ae04.alicdn.com/kf/Sdeef25e492284cf3b87c6acc42a887c2E.jpg",,"10PCS Bricks  MOC 47905 1x1 For Building Blocks DIY Educational High-Tech Spare Gift Toy","USD 1.19","USD 0.57","52%","USD","7","USD 0.04","88","96.6%","https://s.click.aliexpress.com/e/_DD7krRN"
"1005004160468713","https://ae04.alicdn.com/kf/S28544c63d66d46fcac1e25157f84f97bZ.jpg",,"Decool Famous Super Racing Sports Ford High-Tech Car Building Blocks City Speed Champions Sports SUV Bricks Toys For Boys Gifts","USD 89.98","USD 44.99","50%","USD","7","USD 3.15","37","98.3%","https://s.click.aliexpress.com/e/_DEgIp79"
"32969950644","https://ae04.alicdn.com/kf/H9711cfda59504eaa900f07164abb61e2P.jpg","http://cloud.video.taobao.com/play/u/2675628091/p/1/e/6/t/1/306091250530.mp4","High-tech Avion Cargo Aircraft Rescue Plane Airport Airbus Airplane Model Building Blocks Figures City Brinquedos Creative Toys","USD 25.59","USD 12.03","53%","USD","9.5","USD 1.14","84","97.6%","https://s.click.aliexpress.com/e/_Dkymdcn"
"4000761494644","https://ae04.alicdn.com/kf/S0c7f6300e1a2489c9ea5c14f8c0b8070v.jpg","http://cloud.video.taobao.com/play/u/2675628091/p/1/e/6/t/1/254204064186.mp4","Random Bulk High-Tech Parts Building Block Gear Cross Axle Bricks Lift Arm Pin DIY Car Robot Bricks Educational Toys Kids Gifts","USD 16.04","USD 8.02","50%","USD","7","USD 0.56","93","98.3%","https://s.click.aliexpress.com/e/_DmVCEp5"
"1005004261961249","https://ae04.alicdn.com/kf/S1e47676edcc0493e8773292921bde331i.jpg",,"MOULD KING 17015 High-Tech LIEBHERRS LR13000 Excavator Motorized Crawler Crane Building Blocks Assemble Bricks Toys Kids Gifts","USD 250.00","USD 200.00","20%","USD","7","USD 14.00","32","92.7%","https://s.click.aliexpress.com/e/_DlNjDdt"
"1005003256807991","https://ae04.alicdn.com/kf/Sc65d49cb6df04a8fb53c2bf7e8664f00U.jpg",,"10PCS  High-Tech Assemble Particle 4489 Wagon Wheel Building Blocks Kit Replaceable Part Toys For Children  High-Tech Toys","USD 3.00","USD 1.44","52%","USD","7","USD 0.10","26","100.0%","https://s.click.aliexpress.com/e/_Dn0MdZZ"
"1005003912185093","https://ae04.alicdn.com/kf/S30b2ff8be4f3454f89d81298e892ceb6M.jpg",,"10pcs Compatible MOC Brick Parts 35188 Building Block Particle Assmble Accessories DIY Kid Puzzle Edu Learning Toy Birthday Gift","USD 2.84","USD 1.99","30%","USD","7","USD 0.14","0","null%","https://s.click.aliexpress.com/e/_DdiiSSJ"
"1005002434923277","https://ae04.alicdn.com/kf/Saea357934455421b9a8fc2e68effe11fJ.jpg","http://cloud.video.taobao.com/play/u/2675628091/p/1/e/6/t/1/248135217182.mp4","MOC High-Tech Parts Monster Power Functions Servo Train Motor IR Speed Remote Control Receiver Lithium Battery Box DIY Kid Toys","USD 3.57","USD 2.50","30%","USD","7","USD 0.18","56","97.8%","https://s.click.aliexpress.com/e/_DdLorHZ"
"1005002568833072","https://ae04.alicdn.com/kf/H4fe8346bb00e433693434cc2e1f3865eB.jpg",,"Moc high-tech Axle connectors part DIY Building Blocks  Accessories Bricks Early Education Experiment Toys High-tech toy parts","USD 1.10","USD 0.86","22%","USD","7","USD 0.06","131","97.1%","https://s.click.aliexpress.com/e/_DeuOMnD"
"1005002276034315","https://ae04.alicdn.com/kf/H51018d055d86416cb5f969e90eccccd88.jpg",,"High-Tech Parts Gear Cross Axles Pin Set MOC Friends Bricks Building Blocks Accessory Mechanical DIY Car Bulk Compatible Toys","USD 7.50","USD 4.12","45%","USD","8.0","USD 0.33","22","100.0%","https://s.click.aliexpress.com/e/_DDdGnVZ"
"1005004179969031","https://ae04.alicdn.com/kf/S071f993c85f7440aa1df322e739b32d0M.jpg","http://cloud.video.taobao.com/play/u/2675628091/p/1/e/6/t/1/1100014080847.mp4","Roman Holida Vespa 125 MOC 10298 Famous Motorcycle City MOTO Assembled Building Blocks Bricks High-Tech Model Toys For Kids Gift","USD 25.29","USD 15.17","40%","USD","7","USD 1.06","109","85.7%","https://s.click.aliexpress.com/e/_DEF0Dpv"
"1005004077145377","https://ae04.alicdn.com/kf/Sd840dd41a2e445c8b2c559a626e76db8v.jpg",,"Roman Holida Vespa 125 MOC 10298 Famous Motorcycle City MOTO Assembled Building Blocks Bricks High-Tech Model Toys For Kids Gift","USD 30.27","USD 16.65","45%","USD","7","USD 1.17","376","90.3%","https://s.click.aliexpress.com/e/_DFKIbhh"
"1005003224938143","https://ae04.alicdn.com/kf/Sa38b1ab96e8b421b970d24d8dabe9509e.jpg",,"MOC Gear Series Gear Rotating Platform Gear Rack and Gear Differential  High-tech Parts Small Particles Building Blocks Toys","USD 1.80","USD 1.40","22%","USD","8.0","USD 0.11","717","98.8%","https://s.click.aliexpress.com/e/_DdQsbNt"
"1005004758416293","https://ae04.alicdn.com/kf/S1219a44881c946d688422f710e1db800y.jpg",,"Compatible with MOC T5026 Model High Tech Sport Super Racing Car Toy Set Building Block Brick Boy Children Kid Christmas Gift","USD 189.00","USD 126.63","33%","USD","10.0","USD 12.66","4","100.0%","https://s.click.aliexpress.com/e/_DmibUeP"
"1005004342981351","https://ae04.alicdn.com/kf/S5ce04256085942e48dc31b8e45730ba0P.jpg",,"1626PCS  MOC F1 Formula Racing Car Model Building Blocks Bricks High-Tech Toys For Children Christmas Education Gifts","USD 22.03","USD 15.42","30%","USD","7","USD 1.08","26","90.0%","https://s.click.aliexpress.com/e/_DddAd1t"
"1005001734806363","https://ae04.alicdn.com/kf/Se5400c989bde4260b1885d30a8de5cfcg.jpg","http://cloud.video.taobao.com/play/u/2675628091/p/1/e/6/t/1/326962155538.mp4","BZDA Rail Track Train High Tech Building Blocks Military Series ideas Rail Maintenance Train Model Toys For Kids Birthday Gifts","USD 20.19","USD 12.32","39%","USD","7","USD 0.86","20","80.0%","https://s.click.aliexpress.com/e/_DB9rfht"
"1005003731402844","https://ae04.alicdn.com/kf/Scbea6590b1b4460c9288eb1274c69b49B.jpg",,"New High-Tech 91102 3097Pcs Creative Moc F12 Super Sport Black Racing Car Model RSR Bricks Building Blocks Toys Children Gifts","USD 125.00","USD 100.00","20%","USD","8.0","USD 8.00","30","73.3%","https://s.click.aliexpress.com/e/_DcxxCfh"
"1005003720542455","https://ae04.alicdn.com/kf/S7f8f059142e54c4cac51de0de9deabf9n.jpg",,"10PCS 3709 2x4 with 3 Holes MOC Brick Parts Building Blocks Accessories Assemble Replaceble Changeover Particle DIY Kid Gift Toy","USD 1.10","USD 0.74","33%","USD","7","USD 0.05","7","100.0%","https://s.click.aliexpress.com/e/_DDkVGEJ"
"1005003001039062","https://ae04.alicdn.com/kf/S44f820ea327446cb9c9ad6ffd60c2c2c1.jpg",,"BZB MOC 30064 3957 1x4 Antenna Flagpole Column Length 38.3 High Tech Building Block Model Kids Toys DIY Brick Parts Best Gifts","USD 0.59","USD 0.59","0%","USD","7","USD 0.04","27","100.0%","https://s.click.aliexpress.com/e/_DCqfgUF"
"1005003440503206","https://ae04.alicdn.com/kf/S529270b690b44cd495ac231414e43981v.jpg","http://cloud.video.taobao.com/play/u/2675628091/p/1/e/6/t/1/335304790304.mp4","WANWU-EDC Reactive Armor Shield Slider Defense Tungsten Copper Moon Surface Stonewashed Tech EDC Adult Decompression Toy","USD 139.00","USD 69.50","50%","USD","8.0","USD 5.56","36","93.3%","https://s.click.aliexpress.com/e/_DBkj18J"
"4000699127587","https://ae04.alicdn.com/kf/Saf72235055e04d21b8c741810d2e1a976.jpg",,"MOC Assembles Particles 4287 Slope Inverted 33° 3 x 1 Building Blocks DIY Bricks Bulk Model Educational High-Tech Spare Toys","USD 0.60","USD 0.60","0%","USD","7","USD 0.04","36","100.0%","https://s.click.aliexpress.com/e/_DkNX1lZ"
"1005004644226975","https://ae04.alicdn.com/kf/S06767d2e2889485987ed053fbf63c09az.jpg","http://cloud.video.taobao.com/play/u/2675628091/p/1/e/6/t/1/1100080376565.mp4","New High Tech Racing Car Lambor Sian FKP 37 Bricks Set Compatible With 42115 Technical Building Blocks Toys Kids Christmas Gifts","USD 37.88","USD 16.29","57%","USD","7","USD 1.14","93","100.0%","https://s.click.aliexpress.com/e/_DDsF5dt"
"1005002534766167","https://ae04.alicdn.com/kf/S681ec20e5f7447f8ad2374ab95dbb57fc.jpg","http://cloud.video.taobao.com/play/u/2675628091/p/1/e/6/t/1/310522495031.mp4","KAZI Electric building block Technical Train series railway track laying machine engineering educational assembling toy","USD 52.29","USD 22.48","57%","USD","7","USD 1.57","184","93.9%","https://s.click.aliexpress.com/e/_Dl7q4lH"
"1005002732705701","https://ae04.alicdn.com/kf/Sa0dc6c52514147a9bae5a9098caa5e0dC.jpg",,"MOC High-Tech Architecture Advent Calendar Building Blocks Assembly Compatible DIY  Education Bricks Toys for Children Xmas Gift","USD 26.37","USD 18.46","30%","USD","7","USD 1.29","23","90.0%","https://s.click.aliexpress.com/e/_DFT1CLv"
"4000684891786","https://ae04.alicdn.com/kf/S8cc00220a19542689da5d872d88c94608.jpg",,"MOC Compatible Assembles Particles 32028 Plate Modified 1 x 2 with Door Rail Building Blocks Parts DIY Educational Tech Toys","USD 0.54","USD 0.38","30%","USD","7","USD 0.03","104","97.6%","https://s.click.aliexpress.com/e/_DkZlaCF"
"1005001864389607","https://ae04.alicdn.com/kf/H456a222137ea423f9a04f9766aa4510fW.jpg","http://cloud.video.taobao.com/play/u/2675628091/p/1/e/6/t/1/310712850565.mp4","City High-tech Motorcycle Blocks Building DIY Model Racer Bricks Toys City Speed Racing Motocross Bricks Kids Christmas Gifts","USD 37.88","USD 17.42","54%","USD","7","USD 1.22","72","97.3%","https://s.click.aliexpress.com/e/_DlAIviL"
"1005004156711835","https://ae04.alicdn.com/kf/Sf215ad42cc9a4a3aa7ef445c7bcf02beQ.jpg",,"High Tech City Sports Rapid Racing Motorcycle Motorbike Locomotive Moc Modular Brick Model Building Blocks Boys Gifts Toys T4022","USD 86.15","USD 68.06","21%","USD","7","USD 4.76","48","100.0%","https://s.click.aliexpress.com/e/_DeANM6r"
"1005002589723522","https://ae04.alicdn.com/kf/Hd503072ddce542f594198252c8b2561f2.jpg",,"1 PCS Moc high-tech Pneumatic parts Air pump pneumatic push rod Building Blocks piston  Accessories Bricks Early Education Toys","USD 1.00","USD 0.78","22%","USD","7","USD 0.05","31","100.0%","https://s.click.aliexpress.com/e/_DmGSjO7"
"1005002703872627","https://ae04.alicdn.com/kf/H556c218d7b43499283243ca84f4ab619k.jpg",,"MOC Space Series Battle Airplane Colonial Viperals MKI spaceship High-Tech Model  Building Blocks Bricks DIY Toys For Children","USD 50.42","USD 35.29","30%","USD","10.0","USD 3.53","26","96.0%","https://s.click.aliexpress.com/e/_DkkGxdZ"
"1005003277797634","https://ae04.alicdn.com/kf/Hd825de2be2344d65b22cac0071b924e1Z.jpg","http://cloud.video.taobao.com/play/u/2675628091/p/1/e/6/t/1/323278327344.mp4","2023 New 687PCS Disney WALL E Motorized High-tech APP RC Robot Motor Power Functions Building Block For Children Toys Gift","USD 49.48","USD 22.27","55%","USD","7","USD 1.56","79","86.7%","https://s.click.aliexpress.com/e/_Dl20Gfv"
"32953958250","https://ae04.alicdn.com/kf/Hf7594cae22a44a8289ae37a56d2487d5r.jpg","http://cloud.video.taobao.com/play/u/2675628091/p/1/e/6/t/1/291840414503.mp4","MOC Classic High-Tech Remote Control RC Robot 2.4GHz with Motor Box 408pcs Building Blocks Bricks Creative Toys for kids","USD 37.35","USD 26.14","30%","USD","7","USD 1.83","24","83.3%","https://s.click.aliexpress.com/e/_DelvmVH"
"1005003931080743","https://ae04.alicdn.com/kf/Sa5af819533c44b15ac74e54eaf049379B.jpg","http://cloud.video.taobao.com/play/u/2675628091/p/1/e/6/t/1/349286370509.mp4","Compatible with Lego High-Tech Formula Cars F1 Building Blocks Sports Racing Car Super Model Kit Bricks Toys for Kids Boys Gifts","USD 101.08","USD 37.40","63%","USD","7","USD 2.62","267","97.1%","https://s.click.aliexpress.com/e/_DFWgBKT"
"1005004196401783","https://ae04.alicdn.com/kf/S5303e0f8b56f4db5b6a8ce1edf037a706.jpg",,"High Tech City Sports Rapid Racing Motorcycle Motorbike Locomotive Moc Modular Brick Model Building Blocks Boys Gifts Toys T4020","USD 70.26","USD 55.51","21%","USD","7","USD 3.89","31","96.4%","https://s.click.aliexpress.com/e/_DBmhlwj"
"1005004238454346","https://ae04.alicdn.com/kf/S5083cf14e2b049e397def54103c14b58M.jpg",,"MOC High-Tech Assemble Particle 3176 Heart Necklace/Key Heart-shaped Brick Building Blocks Kit DIY Replaceable Part Children Toy","USD 0.39","USD 0.39","0%","USD","7","USD 0.03","29","100.0%","https://s.click.aliexpress.com/e/_DCtoRyr"
"1005002416617578","https://ae04.alicdn.com/kf/H78282a8b409747d69f019fb54e26e6ee4.jpg",,"MOC Accessory Bulk Multiple Sizes Gear Cross Axles Set Compatible with All Brands High-tech Building Blocks Educational Toys","USD 4.38","USD 3.50","20%","USD","7","USD 0.24","129","98.5%","https://s.click.aliexpress.com/e/_DF628RD"
"1005003628927912","https://ae04.alicdn.com/kf/S58afb0cce1734ddb8b80e534806bd77fR.jpg",,"MOC High-Tech MOC Building Block Bricks 42054 CLAAS XERION 5000 TRAC   for Trailer Self Dumping Trailer assembly Toy Boy  Gift","USD 40.20","USD 19.70","51%","USD","8.0","USD 1.58","28","100.0%","https://s.click.aliexpress.com/e/_DnNIYCL"
"1005003676220000","https://ae04.alicdn.com/kf/H39ffc079f9644dc5b9814fd4df04057cX.jpg",,"10pcs MOC Brick Parts 44 32126 53501 High-Tech Axle and Pin Connector Toggle Joint Smooth Building Block Particle DIY Kid Toy","USD 0.47","USD 0.33","30%","USD","7","USD 0.02","8","100.0%","https://s.click.aliexpress.com/e/_DdgneRZ"
"32962396105","https://ae04.alicdn.com/kf/Sdb9299fbc8574a41b4f805207c7af3c5z.jpg","http://cloud.video.taobao.com/play/u/2675628091/p/1/e/6/t/1/1100082526257.mp4","HUIQIBAO Engineering Truck Tech Building Block City Construction Toy For Children Boy Adults Excavator Bulldozer Crane Car Brick","USD 31.24","USD 13.12","58%","USD","7","USD 0.92","1286","96.5%","https://s.click.aliexpress.com/e/_DeHuQ7v"
"1005004114999984","https://ae04.alicdn.com/kf/S44e1fd83bb9d4ba6945941eeb2db3007E.jpg","http://cloud.video.taobao.com/play/u/2675628091/p/1/e/6/t/1/1100012508066.mp4","T4021 2025pcs City Tech Motorcycle Car Model Building Blocks MOC Racing Motobike Vehicles Bricks Toys for Children Gifts","USD 75.11","USD 59.34","21%","USD","7","USD 4.15","69","98.9%","https://s.click.aliexpress.com/e/_DlHY0rZ"
"1005004170842607","https://ae04.alicdn.com/kf/Sa05fd028292d42bd8c4efa05de8504a4Q.jpg",,"Compatible with Lego High-Tech Mork Original Bugatti Sports Racing Building Blocks Models Vehicle Bricks Toys for Boys Gifts","USD 101.08","USD 45.49","55%","USD","7","USD 3.18","28","56.0%","https://s.click.aliexpress.com/e/_DECw7A7"
"1005002491384054","https://ae04.alicdn.com/kf/Sa540deed7def4390a7b41888323c3413m.jpg",,"10PCS Assembles Particles 92338 1x6 Chain 5 Links Building Blocks Bricks Kit Part High-Tech Education Toy For Children Gift","USD 0.77","USD 0.54","30%","USD","7","USD 0.04","44","90.0%","https://s.click.aliexpress.com/e/_DBtcQd9"
"1005004280734252","https://ae04.alicdn.com/kf/Sfc3606e9d2e1440aa1143c33d9235dd78.jpg",,"Rainbow Pig MOC 13591 30088 Weapon Spear Gun with Rounded Trigger Harpoon Building Blocks Kid DIY Educational High-Tech Toy Gift","USD 0.03","USD 0.03","0%","USD","7","USD 0.00","3","100.0%","https://s.click.aliexpress.com/e/_DeGXpw3"
"1005002606201045","https://ae04.alicdn.com/kf/S337f0f411c6f41969e8fe531af5a84aaw.jpg",,"10PCS MOC Bricks Compatible Assembles Particles 87082 For Building Blocks DIY  Educational High-Tech Spare Toys","USD 0.98","USD 0.47","52%","USD","7","USD 0.03","24","100.0%","https://s.click.aliexpress.com/e/_DnOOtL9"
"1005004097172918","https://ae04.alicdn.com/kf/Sc0d26731b67a439db55002c7c23dc54cc.jpg",,"Rainbow Pig MOC Particles 30414 Brick Modified 1 x 4 with Studs on Side Building Blocks DIY Compatible Assembles High-Tech Toys","USD 0.12","USD 0.12","0%","USD","7","USD 0.01","2","null%","https://s.click.aliexpress.com/e/_DCzZQ4j"
"1005002187463141","https://ae04.alicdn.com/kf/S1b314d3761e74526ad9088ff942aade4s.jpg",,"10PCS MOC 43093 DIY PartHigh-Tech Axle Pin Friction Ridge Building Blocks Parts Educational  Parts Kids Toys Boys Girls Gift","USD 0.76","USD 0.36","52%","USD","7","USD 0.03","38","97.8%","https://s.click.aliexpress.com/e/_DFERh75"
"1005003626280096","https://ae04.alicdn.com/kf/Sdcc0d63a5ad94097b8de87ff9e9ef0d0K.jpg",,"10PCS Assemble Particle 4499 Bow and Arrow Building Blocks Kit Replaceable Part High-Tech Toys For Children Gifts","USD 0.99","USD 0.48","52%","USD","7","USD 0.03","28","96.7%","https://s.click.aliexpress.com/e/_DmMbOAB"
"1005001401762068","https://ae04.alicdn.com/kf/H8831c5606d6047fda40871b4cc1b2c48m.jpg",,"4Pairs/Lot DECOOL high-tech Rotating Hinge Arm Group With Hole Bricks Parts compatible 44224 44225 Building Blocks Toys","USD 3.99","USD 3.99","0%","USD","7","USD 0.28","1","100.0%","https://s.click.aliexpress.com/e/_DmOqT8B"
"1005004700700210","https://ae04.alicdn.com/kf/S3024eb6c1aad419c87e9524ba800d2c9g.jpg","http://cloud.video.taobao.com/play/u/2675628091/p/1/e/6/t/1/1100086467822.mp4","Gobricks 10PCS Bricks 14719 2x2 Compatible Assembles Particles mm For Building Blocks DIY Educational High-Tech Spare Toys 2022","USD 0.80","USD 0.46","42%","USD","7","USD 0.03","3","null%","https://s.click.aliexpress.com/e/_DcAtxX5"
"1005003852888249","https://ae04.alicdn.com/kf/Sc6d06dab58954eb4b9115399004ecfebg.jpg","http://cloud.video.taobao.com/play/u/2675628091/p/1/e/6/t/1/1100031688043.mp4","Treasure X Toy Monsters Gold Alien Hunters Ninja Hunters Dragon’s Sword Pack Aliens Ooze Egg Ninja Hunters Single Pack Dino Gold","USD 25.00","USD 12.50","50%","USD","8.0","USD 1.00","36","100.0%","https://s.click.aliexpress.com/e/_DexsIP1"
"1005002139387438","https://ae04.alicdn.com/kf/Hb0054bec1b744c34b1622c5581bc0651g.jpg",,"BZB MOC 62696 WIG W/LONG PONYTAIL Creative Building Block Model Kids DIY High-tech Brick Parts Toy Best Gifts","USD 2.17","USD 1.45","33%","USD","7","USD 0.10","1","0.0%","https://s.click.aliexpress.com/e/_DevfAzH"
"1005003513907677","https://ae04.alicdn.com/kf/Hc975332302074fd1a3fabc468aab3e76T.jpg",,"10PCS BZB MOC 93094 Lipstick High-tech Building Block Model Accessories Assembly Children's Toys DIY Brick Parts Best Gift","USD 0.25","USD 0.25","0%","USD","7","USD 0.02","2","100.0%","https://s.click.aliexpress.com/e/_DFISFrz"
"1005002866525047","https://ae04.alicdn.com/kf/H168c39600906448594522601f2153c9aU.jpg","http://cloud.video.taobao.com/play/u/2675628091/p/1/e/6/t/1/315438885575.mp4","418pcs RC High-Tech Car Stunt car Racing Tracked Off-road Vehicle Compatible With 42095 Building Blocks Toys For Children's Gift","USD 64.68","USD 46.57","28%","USD","20.0","USD 9.31","38","95.4%","https://s.click.aliexpress.com/e/_DEkhMaX"
"33008942291","https://ae04.alicdn.com/kf/H4c2023fb81e045f6ae26d84ced662f50E.jpg","http://cloud.video.taobao.com/play/u/2675628091/p/1/e/6/t/1/224476993548.mp4","High Quality ABS Fun Larva Transformation Toys Action Figures Deformation Car Mode and Mecha Mode for Birthday Gift","USD 24.66","USD 14.80","40%","USD","8.0","USD 1.18","26","100.0%","https://s.click.aliexpress.com/e/_DFKo2OP"
"1005004255547781","https://ae04.alicdn.com/kf/S6cb5999be16149da8a30177063e1ef94U.jpg",,"10PCS High-Tech Assemble Particle 15625 4x8 Large Arc Panel Bricks Building Blocks Replaceable Part Toys Children Gifts","USD 4.66","USD 4.66","0%","USD","7","USD 0.33","1","null%","https://s.click.aliexpress.com/e/_DchwTlv"
"1005004091868737","https://ae04.alicdn.com/kf/S1252784a967b423189b15cda11edf4563.png",,"Rainbow Pig MOC Particles 36840 Bracket 1 x 1 - 1 x 1 Inverted Building Blocks Parts DIY Educational Tech Parts Toys","USD 0.04","USD 0.04","0%","USD","7","USD 0.00","2","100.0%","https://s.click.aliexpress.com/e/_DDEYDwx"
"1005003629687776","https://ae04.alicdn.com/kf/H6a21bd8300704e9f9f38942e0328d83cQ.jpg",,"10pcs Compatible MOC Brick Parts 11478 44864 High-Tech Liftarm Beam 1 x 5 Thin with Axle Holes Building Block Particle Kid Toy","USD 0.73","USD 0.51","30%","USD","7","USD 0.04","12","100.0%","https://s.click.aliexpress.com/e/_DcyyOyF"
"1005003939049713","https://ae04.alicdn.com/kf/Sc16b1cd33d03496d9deee67ef4c3bffdd.jpg","http://cloud.video.taobao.com/play/u/2675628091/p/1/e/6/t/1/348472977504.mp4","Mould King High-Tech Car Battery 6.0 and 4.0 Fast Speed Charging Powered Module For XL L Motor Building Blocks Bricks Kids Toys","USD 11.23","USD 8.53","24%","USD","8.0","USD 0.68","26","100.0%","https://s.click.aliexpress.com/e/_DF5zx3N"
"1005003711227023","https://ae04.alicdn.com/kf/Sd6bf0d3bdf374a5c97b2d27096e6306be.jpg","http://cloud.video.taobao.com/play/u/2675628091/p/1/e/6/t/1/341890089796.mp4","6pcs/Set Robocared Poli Transformation Robot Poli Amber Roy Korea Toys Car Model Anime Action Figure Toys For Children Best Gift","USD 8.02","USD 6.42","20%","USD","8.0","USD 0.51","172","92.3%","https://s.click.aliexpress.com/e/_DBQE5vt"
"1005003589617481","https://ae04.alicdn.com/kf/Se482cd6094ae447e91521db2ebb2aba2B.jpg",,"10pcs Compatible MOC Brick Parts 4185 2786 49750 65668 High-Tech Wedge Belt Wheel Pulley Building Block Particle DIY Kid Toy","USD 1.43","USD 1.00","30%","USD","7","USD 0.07","20","100.0%","https://s.click.aliexpress.com/e/_DD56d7l"
"1005003033292402","https://ae04.alicdn.com/kf/Hb1a2d2f0b65a425b99bfa9804ad2262bC.jpg",,"BZB MOC 28974 1x1 Aberdeen Neck Bracket Creative High-tech Building Block Model Kids Toys DIY Brick Parts Best Gifts","USD 0.41","USD 0.41","0%","USD","7","USD 0.03","39","100.0%","https://s.click.aliexpress.com/e/_DF0RJb9"
"32910569255","https://ae04.alicdn.com/kf/HTB1iDCdKeSSBuNjy0Flq6zBpVXaB.jpg","http://cloud.video.taobao.com/play/u/2675628091/p/1/e/6/t/1/50241408273.mp4","Funny Plastic Robot Claw Hand Grabber Toys Grabbing Stick Kid Boy Toy Hand Wrist Strengthen DIY Robot Grab Toys Random Color","USD 6.10","USD 4.45","27%","USD","7","USD 0.31","41","100.0%","https://s.click.aliexpress.com/e/_Dl8r6Kn"
"1005003768253010","https://ae04.alicdn.com/kf/Sf816e60d1f8741c59e3a27d090bcd9bdj.jpg",,"10Pcs MOC Parts 90202 High-Tech Pin Connector Round with 4 Clips Compatible Bricks DIY Building Blocks Particle Kid Toy Gift","USD 1.00","USD 0.70","30%","USD","7","USD 0.05","23","96.0%","https://s.click.aliexpress.com/e/_DmEZT39"
"1005002926388901","https://ae04.alicdn.com/kf/H8a678180932b4bb286dbdead0f5cd63aV.jpg",,"10pcs BZB MOC 87989 Hand Held Syringe Creative High-tech Building Block Model Kids DIY Brick Parts Educational Toys Best Gifts","USD 0.30","USD 0.30","0%","USD","7","USD 0.02","24","90.0%","https://s.click.aliexpress.com/e/_Dno5Mzz"
"1005004174933010","https://ae04.alicdn.com/kf/Sa34934a0dbc34c7dbf8da9a152307536g.png",,"BuildMoc 10PCS Assembles Particles 28220 4 x 2 x 0.67 Small Deck Brick Building Blocks High-Tech Part Toys For Children Gifts","USD 1.16","USD 1.16","0%","USD","7","USD 0.08","8","100.0%","https://s.click.aliexpress.com/e/_DeFtzlZ"
"1005003022268904","https://ae04.alicdn.com/kf/H0cc30f3e526a4fc3b74ef3bf294fbf06a.jpg",,"BZB MOC 25893 1x1x0.5 Round 1x1 Board With Handle Creative High Tech Building Block Kids Toys DIY Brick Parts Best Gifts","USD 0.36","USD 0.36","0%","USD","7","USD 0.03","9","100.0%","https://s.click.aliexpress.com/e/_DFMf1I7"
"1005001924433914","https://ae04.alicdn.com/kf/H5c87d68f2f6b4bbab0904f1f6b98ccf2B.jpg",,"10pcs Shaft Bolt Connection Part Building Blocks  Accessories Bricks high-tech Parts Suitable For All Brands Small Particles Toy","USD 1.00","USD 0.78","22%","USD","7","USD 0.05","50","93.1%","https://s.click.aliexpress.com/e/_DBpdIJv"
"1005002735124169","https://ae04.alicdn.com/kf/S0a0dc01ac0b14ad6b8ad7e99647a4a85r.jpg",,"10PCS Bricks Assembles Particles 22388 1x1 for Building Blocks Parts DIY Bricks Bulk Model Educational High-tech Parts Kids Toys","USD 0.51","USD 0.24","52%","USD","7","USD 0.02","73","94.4%","https://s.click.aliexpress.com/e/_DE2p9HD"
"1005003556698430","https://ae04.alicdn.com/kf/H0e14e22e9e5843358f5488d42ad2b81fN.jpg",,"10pcs Compatible MOC Brick Parts 2851 High-Tech Engine Piston Round Building Block Particle DIY Kid Brain Toy Birthday Gift","USD 0.66","USD 0.46","30%","USD","7","USD 0.03","6","100.0%","https://s.click.aliexpress.com/e/_DeBDYaX"
"1005003503852058","https://ae04.alicdn.com/kf/A9e4765e2fd114a3c860f4a94f562d5e1v.jpg","http://cloud.video.taobao.com/play/u/2675628091/p/1/e/6/t/1/1100073917187.mp4","2022 NEW High-Tech Parts WeDo 3.0 Robotics Construction Set Building Blocks Compatible with Wedo 2.0 Educational DIY Toys","USD 86.12","USD 48.23","44%","USD","7","USD 3.38","808","96.7%","https://s.click.aliexpress.com/e/_DC2PLtD"
"33001925724","https://ae04.alicdn.com/kf/S8297ce8c7a9c4c5b81031f0b78605178k.jpg",,"BuildMOC 60475 30241 1x1 Brick High-Tech Changeover Catch For Building Blocks Parts DIY Educational Toys Children Gifts","USD 0.31","USD 0.31","0%","USD","7","USD 0.02","26","95.4%","https://s.click.aliexpress.com/e/_DEQtMGF"
"1005003931165587","https://ae04.alicdn.com/kf/Se6c251c85edb42498ff3cf04e1bff7aeo.jpg","http://cloud.video.taobao.com/play/u/2675628091/p/1/e/6/t/1/348829137728.mp4","MOC-31313 F1 Formula Sports Racing Cars Building Blocks Models Compatible with Lego High-Tech 42096 Kit Bricks Toy for Boys Gift","USD 101.08","USD 39.42","61%","USD","7","USD 2.76","24","95.0%","https://s.click.aliexpress.com/e/_Dkedq0L"
"1005002139304794","https://ae04.alicdn.com/kf/Hc7a55a110f814e8badb2c80082375ae0Z.jpg",,"BZB MOC 18920 Scissors Creative Building Block Model Kids DIY High-tech Brick Parts Toys Best Gifts","USD 0.28","USD 0.19","33%","USD","7","USD 0.01","7","100.0%","https://s.click.aliexpress.com/e/_DCoVx4n"
"1005002139526874","https://ae04.alicdn.com/kf/H6cd448ccd3ca42dfab8cc73a36bb6eccw.jpg",,"BZB MOC 2450 3x3 Wedge Board (Corner Cutting) High-tech Creative Building Block Model Kids Toys DIY Brick Parts Best Gifts","USD 1.38","USD 1.38","0%","USD","7","USD 0.10","2","100.0%","https://s.click.aliexpress.com/e/_Dk9Nr3l"
"1005003696750342","https://ae04.alicdn.com/kf/Seceea25bf60c4947814037640594b393G.jpg",,"10Pcs MOC Parts 44224 High-Tech Rotation Joint Disk with Pin Hole and 3L Beam Thick Bricks DIY Building Blocks Particle Kid Toy","USD 4.47","USD 3.13","30%","USD","7","USD 0.22","9","100.0%","https://s.click.aliexpress.com/e/_DnrBbTl"
"1005003720669334","https://ae04.alicdn.com/kf/S6c166d0448ca4a17b1ddd9597f096b39K.jpg",,"10PCS 3702 1x8 7 Holes MOC Compatible Brick Parts Building Block Accessories Assemble Replaceble Changeover Particle DIY Kid Toy","USD 3.43","USD 2.30","33%","USD","7","USD 0.16","2","100.0%","https://s.click.aliexpress.com/e/_Ddc894R"
"1005001611579612","https://ae04.alicdn.com/kf/H4410f710a5874ee2b916b4e62a3cc263w.jpg","http://cloud.video.taobao.com/play/u/2675628091/p/1/e/6/t/1/283045269692.mp4","280Pcs/Lot High-Tech WeDo 3.0 Robotics Construction Building Blocks Compatible with legoin Wedo 2.0 Educational DIY toys 45300","USD 37.31","USD 8.58","77%","USD","7","USD 0.60","85","100.0%","https://s.click.aliexpress.com/e/_DBGDqqX"
"1005004038663915","https://ae04.alicdn.com/kf/S8a919e5a9339428f8d5b0c1ccb950939G.jpg",,"Rainbow Pig MOC Particles 50955 and 50956  High-Tech  Wedge 10 x 3 Left and Right Bricks Building Blocks DIY Parts Kid Toy Gift","USD 0.26","USD 0.26","0%","USD","7","USD 0.02","1","null%","https://s.click.aliexpress.com/e/_De2FTgJ"
"1005004437447721","https://ae04.alicdn.com/kf/S153b0da9275e47abb292690d1bf5f3018.jpg",,"100Pcs 4.5cm Plastic Soldier Toys Static Small Soldier Person Military Model Building Kits Children Toys Wholesale Mixed Batch","USD 6.34","USD 4.44","30%","USD","7","USD 0.31","26","20.0%","https://s.click.aliexpress.com/e/_DD3rKAB"
"1005003766488362","https://ae04.alicdn.com/kf/Se526496f119d4c9baf9ec06bea87a4dc0.jpg",,"10PCS High-Tech Assemble Particle 6041 2.9 x 3.2 x 1.2 Propeller Building Blocks Kit Replaceable Part Toys For Children Gifts","USD 1.39","USD 0.97","30%","USD","7","USD 0.07","5","100.0%","https://s.click.aliexpress.com/e/_DFO9meX"
"1005004449130086","https://ae04.alicdn.com/kf/S69e104207c704d7bae25f33b70bc5561q.jpg","http://cloud.video.taobao.com/play/u/2675628091/p/1/e/6/t/1/1100055521048.mp4","844pcs High-Tech PF Vestas Wind Turbine Building Blocks City Electric Light Version Windmill Bricks Toys For Kids Gifts 11394","USD 85.70","USD 85.70","0%","USD","7","USD 6.00","1","null%","https://s.click.aliexpress.com/e/_DCrr1JN"
"1005004261130668","https://ae04.alicdn.com/kf/Sc12c26faa98a4f9c95500d1c7e7077c6v.jpg",,"10PCS High-Tech Assemble Particle 37776 Lantern Building Blocks Kit Replaceable Part Toys For Children Gifts","USD 0.60","USD 0.60","0%","USD","7","USD 0.04","7","null%","https://s.click.aliexpress.com/e/_DDNbLT9"
"1005003904280671","https://ae04.alicdn.com/kf/Sf6637cc2ecae4951a775b501d7e56abcO.jpg",,"10PCS 75c14 MOC Compatible Assemble Building Parts Bricks Accessories Blocks DIY Replaceble Particle Kid Toy High-tech Gift","USD 1.15","USD 0.80","30%","USD","7","USD 0.06","1","null%","https://s.click.aliexpress.com/e/_DDTlojZ"
"1005002213640977","https://ae04.alicdn.com/kf/S17a1a48729d34eb881049267cafa53c36.jpg",,"10PCS Bricks 30377 Parts DIY Compatible For  Bent Arm For Building Blocks Figures DIY  Educational High-Tech Spare Toys","USD 0.51","USD 0.24","52%","USD","7","USD 0.02","74","96.2%","https://s.click.aliexpress.com/e/_DFYtmwn"
"1005004238791623","https://ae04.alicdn.com/kf/Se35d3602c6254178b3356637422b27c3r.jpg",,"10PCS High-Tech Assemble Particle 75c26 (20.8cm)  Thin Hose Bricks Building Blocks Replaceable Part Toys Gifts","USD 1.46","USD 1.46","0%","USD","7","USD 0.10","4","90.0%","https://s.click.aliexpress.com/e/_DC4NBXd"
"1005004255371841","https://ae04.alicdn.com/kf/S36cb561a89c343c197627c75ddadf17aw.jpg",,"10PCS High-Tech Assemble Particle 85940 1x2 Tech Rod with Thin Rod Bricks Building Blocks Replaceable Part Toys Children Gifts","USD 0.72","USD 0.72","0%","USD","7","USD 0.05","0","null%","https://s.click.aliexpress.com/e/_DFATckF"
"1005004038102731","https://ae04.alicdn.com/kf/Seaf5e54ccf814739acad35e398cd43feB.jpg",,"Rainbow Pig MOC Compatible Assembles Particles 91988 2x14 for Building Blocks DIY Story Educational High-Tech Spare Toys","USD 0.20","USD 0.20","0%","USD","7","USD 0.01","5","100.0%","https://s.click.aliexpress.com/e/_DkfyW7t"
"1005003187682049","https://ae04.alicdn.com/kf/S6092177b5aa24abc9c142bc8fd2a8ca1q.jpg",,"10PCS High-Tech Assemble Particle 41879 Mini Legs Building Blocks Kit Replaceable Part Toys For Children Gifts","USD 1.34","USD 0.94","30%","USD","7","USD 0.07","9","90.0%","https://s.click.aliexpress.com/e/_Dljfa2f"
"32985639525","https://ae04.alicdn.com/kf/HTB1ds.HK8LoK1RjSZFuq6xn0XXaf.jpg",,"High-Tech Power Function Extension Wire Servo Motor IR Remote Control Receiver Battery Box Creative toys","USD 5.00","USD 3.50","30%","USD","7","USD 0.24","22","100.0%","https://s.click.aliexpress.com/e/_DmJhiN5"
"1005004837155491","https://ae04.alicdn.com/kf/S658c2d1eb8e64c389ed0d60e114b1e0fD.jpg",,"MOC High-Tech Remote Controlled Tracked Racer Building Blocks APP RC Offroad Vehicle Tracked Racer Toys Kids Christmas Gifts","USD 72.86","USD 51.00","30%","USD","7","USD 3.57","0","null%","https://s.click.aliexpress.com/e/_DmRUfmx"
"4000019936103","https://ae04.alicdn.com/kf/H2ed047226d0b443389f2da9658c29bdcx.jpg",,"Hip hop Jacket Men High quality Thick Army Navy White Military motorcycle Ma-1 aviator Pilot Men Baseball Bomber Jacket Men","USD 61.47","USD 41.80","32%","USD","9","USD 3.76","170","98.5%","https://s.click.aliexpress.com/e/_DlnVQOX"
"1005003819358254","https://ae04.alicdn.com/kf/U2651c8825439407e84d0513abe603352B.jpg",,"2022 12M-4T new spring autumn baby girl long sleeve plush hooded button loose pink white cute elegant solid long coat","USD 25.99","USD 15.59","40%","USD","7","USD 1.09","35","42.9%","https://s.click.aliexpress.com/e/_DcIkusx"
"32979875013","https://ae04.alicdn.com/kf/HTB10qR5bvfsK1RjSszgq6yXzpXaC.jpg",,"Winter Dog Jacket Puppy Dog Clothes Pet Outfits Denim Coat Jeans Costume for Chihuahua Poodle Bichon Pet Dog Clothing Apparel 30","USD 9.45","USD 6.52","31%","USD","7","USD 0.46","115","87.0%","https://s.click.aliexpress.com/e/_Dd8Y32b"
"1005004845888218","https://ae04.alicdn.com/kf/Sc9d936f12a39491293a9cb65f32fccfab.jpg",,"2022 Autumn/Winter Women's Golf Wear New Goods Malbon Horse Clothing Ladies Jacket Baseball Tennis Windbreaker Coats Gfore","USD 28.33","USD 19.83","30%","USD","7","USD 1.39","57","null%","https://s.click.aliexpress.com/e/_DE6e7CP"
"4000267055705","https://ae04.alicdn.com/kf/Hc47f67294bf14c68871126c637c6ea325.jpg",,"for Large Dog Winter Clothes Pet Clothes Big Apparel Coat High Quality Pet Product  Down Jacket Cotton Padded Coat  1pcs/lot","USD 16.55","USD 8.27","50%","USD","7","USD 0.58","47","92.5%","https://s.click.aliexpress.com/e/_DEd5JRd"
"1005001393186693","https://ae04.alicdn.com/kf/H76a783deacb94480822b093387c5b44at.jpg","http://cloud.video.taobao.com/play/u/2675628091/p/1/e/6/t/1/284153268458.mp4","British Style Pets Dog Clothes Winter Thicken Jacket Coat Costumes Hoodies Clothes for Small Puppy Dogs Cat Clothing","USD 6.25","USD 5.06","19%","USD","7","USD 0.35","450","92.0%","https://s.click.aliexpress.com/e/_Dk2Qg5V"
"4000787133266","https://ae04.alicdn.com/kf/H5f2b6c5cd6204710a42a25fb4a23f488g.jpg",,"Soft Cat Dog Pet Clothes Fleece Hooded Hairball Coat Jacket Winter Kitty Small Medium Dogs Cats Cool Pajamas Chihuahua Clothing","USD 4.65","USD 3.44","26%","USD","7","USD 0.24","49","100.0%","https://s.click.aliexpress.com/e/_Dls6ZRH"
"1005001813608578","https://ae04.alicdn.com/kf/S375a2a41d5924577b485850348303398d.jpg","http://cloud.video.taobao.com/play/u/2675628091/p/1/e/6/t/1/306455792219.mp4","Autumn Sport Jacket Women Long Sleeve With Thumb Hole Yoga Shirt Zipper Design Fitness Sports Top Coat Workout Running Gym Wear","USD 16.82","USD 11.10","34%","USD","10.0","USD 1.11","52","100.0%","https://s.click.aliexpress.com/e/_Dd4Oh2L"
"1005003770358305","https://ae04.alicdn.com/kf/Saf1c6720796344d8bd4cabaf2e2e6813D.jpg",,"space x pilot jacket male astronaut workwear jacket men and women jackets japanese fashion jackets for men","USD 31.69","USD 25.99","18%","USD","9.0","USD 2.34","32","70.0%","https://s.click.aliexpress.com/e/_DdGdH3V"
"4000168733978","https://ae04.alicdn.com/kf/H15cd6c9a942b4bee9b6290ea94dc7b662.jpg",,"PU Leather Dog Clothes For Small Medium Dogs Winter Warm Thicken Pet Dog Clothing Puppy Jackets French Bull Dog Coat Poodle Vest","USD 6.99","USD 4.75","32%","USD","7","USD 0.33","201","97.0%","https://s.click.aliexpress.com/e/_DCV0O5l"
"1005004742017329","https://ae04.alicdn.com/kf/Sb67bd5ad63e945df915b2b178c91556aX.jpg",,"High Quality Men's Golf Clothing Outdoor Sports Jacket Fashion Casual Clothing  말본골프웨어 남성","USD 59.98","USD 29.39","51%","USD","7","USD 2.06","289","74.5%","https://s.click.aliexpress.com/e/_Dktgquj"
"32950666651","https://ae04.alicdn.com/kf/HTB10f22XyHrK1Rjy0Flq6AsaFXam.jpg","http://cloud.video.taobao.com/play/u/2675628091/p/1/e/6/t/1/231652017334.mp4","Leather Winter Pet Jacket Coat Soft Costumes For Dogs Red Black Autumn Little Small Puppies Medium Large Big Animal Supplies","USD 11.86","USD 10.08","15%","USD","7","USD 0.71","24","100.0%","https://s.click.aliexpress.com/e/_DEccVor"
"32779361896","https://ae04.alicdn.com/kf/HTB1lWwyilcHL1JjSZJiq6AKcpXa9.jpg",,"Winter Warm Pet Dog Clothes Hooded Thick Warm Clothes Cotton Cat Puppy Dogs Coat Jackets Chihuahua Yorkie Clothing S-XXL","USD 11.29","USD 9.03","20%","USD","7","USD 0.63","45","96.0%","https://s.click.aliexpress.com/e/_DlKUEef"
"1005001340229577","https://ae04.alicdn.com/kf/Hd44d377c25974074933fd3b7f2d33759u.jpg",,"4/5Pcs Motorcycle Removable Riding Shoulder Elbow Back Protector Pad Set Built-in Motorcycle Racing Guard Motorcycle Accessories","USD 6.93","USD 4.57","34%","USD","7","USD 0.32","240","88.5%","https://s.click.aliexpress.com/e/_DmKgFzt"
"32854325988","https://ae04.alicdn.com/kf/H82a9e540a76842d59b7d7a943dd46cfdy.jpg",,"Winter Warm Pet Dog Clothes for Small Dogs Clothing Puppy Harness Vest Dog Accessories Chihuahua Jacket Pug Costume XS-XL","USD 2.82","USD 1.69","40%","USD","7","USD 0.12","190","94.0%","https://s.click.aliexpress.com/e/_Dez2qUL"
"1005001580533270","https://ae04.alicdn.com/kf/H749fcf5e4bfb4952b5d220d96846a521o.jpg","http://cloud.video.taobao.com/play/u/2675628091/p/1/e/6/t/1/282550070240.mp4","Waterproof Dog Vest Clothes Warm Padded Pet Winter Clothing Jacket Coat Large Dogs Labrador Outfit With Reflective Nylon Rope","USD 15.69","USD 12.55","20%","USD","8.0","USD 1.00","75","98.8%","https://s.click.aliexpress.com/e/_Dc9CYIX"
"32817510459","https://ae04.alicdn.com/kf/HTB17FaCeRGw3KVjSZFDq6xWEpXaT.jpg","http://cloud.video.taobao.com/play/u/2675628091/p/1/e/6/t/1/237705943142.mp4","Waterproof Dog Coat Winter Puppy Clothes Camo Pattern Small Dog Jacket Chihuahua Yorkie Clothing petshop ropa para perro XS-L","USD 3.69","USD 2.95","20%","USD","8.0","USD 0.24","378","95.7%","https://s.click.aliexpress.com/e/_DBcENcf"
"4000132816114","https://ae04.alicdn.com/kf/H75871a1b1df241bd8e3a1aa16034cd8bp.jpg",,"Warm Pets Dog Clothes Cotton Russia Winter Thicken Jacket Coat Costumes Hoodies Clothes for Small Puppy Dogs Clothing XXL Cheap","USD 5.74","USD 4.88","15%","USD","7","USD 0.34","126","91.3%","https://s.click.aliexpress.com/e/_DBE4247"
"1005002969174083","https://ae04.alicdn.com/kf/H0a2c1a64ff71485e98bd3ad2eb9d0ce08.jpg",,"Summer Sport Fan Air Condition Cool Man Woman Travel Ultralight Brand Outdoor Vest Clothes Jacket Sun Windbreaker Fishing Worker","USD 21.36","USD 12.39","42%","USD","7","USD 0.87","61","85.5%","https://s.click.aliexpress.com/e/_DCnQFQx"
"1005003542827665","https://ae04.alicdn.com/kf/Hec9c743cfe9844bf983a1ca6f84e0163j.jpg",,"Kids Girls Faux Fur Jacket Wedding Cloak For Communion Dress Girl Fur Ivory white Red Bolero Cape Winter Princess Jacket Coat","USD 18.88","USD 16.99","10%","USD","9","USD 1.53","20","100.0%","https://s.click.aliexpress.com/e/_DE5kEB1"
"1005001895573303","https://ae04.alicdn.com/kf/Hfca92978ac954e08ad6df135e4a9b7edN.jpg",,"Pet Dog Clothes Winter Suede Jackets Warm Fleece Vest Coat  Small Dog Motorcycle Waistcoat Coat Clothing Coats Pet Clothing","USD 4.07","USD 3.13","23%","USD","9.0","USD 0.28","43","95.4%","https://s.click.aliexpress.com/e/_Dcu8DhD"
"1005002426114389","https://ae04.alicdn.com/kf/Hd74559f11b434ade960f8d5c9044eeafG.jpg","http://cloud.video.taobao.com/play/u/2675628091/p/1/e/6/t/1/304933026141.mp4","Winter Dog Clothes For Small Dogs Warm Fleece Large Dog Jacket Waterproof Pet Coat With Harness Chihuahua Clothing Puppy Costume","USD 7.99","USD 5.35","33%","USD","8.0","USD 0.43","796","98.1%","https://s.click.aliexpress.com/e/_DlczZXN"
"1005003934566859","https://ae04.alicdn.com/kf/Sec550846c83f42af869002585d991367Y.jpg",,"Men's jacket 3D jacket Cyberpunk 2077","USD 70.42","USD 56.33","20%","USD","9","USD 5.07","32","90.0%","https://s.click.aliexpress.com/e/_DkqHwYL"
"4000415233855","https://ae04.alicdn.com/kf/H8b407b8417ba40ab9941f73b92113d5cA.jpg",,"Leather Cat Jacket Warm Dogs Cat Clothes Coat Autumn Winter Pet Clothing Puppy Kitten Outfits Costumes for Chihuahua Yorkshire","USD 10.99","USD 10.33","6%","USD","8.0","USD 0.83","168","99.4%","https://s.click.aliexpress.com/e/_DlUU9YX"
"32917376968","https://ae04.alicdn.com/kf/HTB1pgxEutknBKNjSZKPq6x6OFXav.jpg",,"Biohazard Resident 4 Leon S Kennedy Evil Costume Leather Coat Jacket Cosplay PU Faur Jacket Long-sleeve Winter Outerwear Men Boy","USD 65.00","USD 61.75","5%","USD","9","USD 5.56","55","98.6%","https://s.click.aliexpress.com/e/_DErdYkL"
"1005004397601627","https://ae04.alicdn.com/kf/Sb1357502de474cbc9938c14cfc74c127p.png",,"Men's Suit Tweed Single Breasted Point Lapel Multi Pocket Jacket Trendy Steampunk Wedding Prom Party Blazer","USD 54.00","USD 40.50","25%","USD","11.0","USD 4.46","25","100.0%","https://s.click.aliexpress.com/e/_DkSLLSx"
"1005004732906460","https://ae04.alicdn.com/kf/S8d805451db9b4cdaac6bc22af0e43edcS.jpg",,"PNS Cycling jacket Jersey Windproof long Sleeve Breathable Bike Bicycle jacket Coat Pro Team Lightweight jacket for Two-way zipp","USD 27.99","USD 24.91","11%","USD","7","USD 1.74","31","96.0%","https://s.click.aliexpress.com/e/_DCevwOX"
"1005004240988305","https://ae04.alicdn.com/kf/Sc1c5b047bbc6499dae220e66a873e6cfO.jpg",,"Boys Coat Jacket Outwear Tops Cotton 2022 Fashion Thicken Plus Velvet Winter Autumn Plus Size Overcoat Children's Clothes","USD 14.27","USD 8.99","37%","USD","8.0","USD 0.72","150","90.7%","https://s.click.aliexpress.com/e/_DBD2wC3"
"4001201211484","https://ae04.alicdn.com/kf/H92ea7e97bdd24c9fa4655a2887cbf5caM.jpg",,"Cartoon Dog Coat Jacket Winter Pet Dog Clothes For French Bulldog Cute Lovers Skirt Cotton Dogs Dress Pets Clothing Ropa Mascota","USD 3.36","USD 2.59","23%","USD","8.0","USD 0.21","92","96.8%","https://s.click.aliexpress.com/e/_DD4Y9Oj"
"4001293672384","https://ae04.alicdn.com/kf/H0526f28555654d92a8ba96169668e70as.png","http://cloud.video.taobao.com/play/u/2675628091/p/1/e/6/t/1/273663681536.mp4","Pet Clothes Winter Warm Jacket with Harness Puppy Outdoor Walk Adjustable Chest Strap Dog Cloth Vest Winter Clothing","USD 8.58","USD 6.86","20%","USD","7","USD 0.48","159","88.3%","https://s.click.aliexpress.com/e/_DedoDx9"
"32800026585","https://ae04.alicdn.com/kf/HTB1K11SQXXXXXcpaXXXq6xXFXXXv.jpg",,"Racmmer Super Light Cycling Clothing MTB Windbreaker Windproof Bike Bicycle Windcoat Waterproof Jacket Cycling Clothes #DG-02","USD 24.99","USD 13.24","47%","USD","7","USD 0.93","71","91.1%","https://s.click.aliexpress.com/e/_DBEwbXz"
"1005004106459537","https://ae04.alicdn.com/kf/Sf64000b2a7954fe5ba29dfcb24562850y.jpg",,"KAPITAL Hirata Hohiro Fleece Wear on Both Sides Zipper Long Sleeve Japan Style Loose Jacket  Men and Women Outerwear Coats","USD 83.78","USD 82.11","2%","USD","9","USD 7.39","25","100.0%","https://s.click.aliexpress.com/e/_DmYz4UF"
"1005004056753562","https://ae04.alicdn.com/kf/Sdbce53022b4740d58700de7af3b2f371F.jpg",,"Free Customized Lace Bolero Long Sleeve Bridal Jacket Women Female Bridal Bolero For Wedding WJ935","USD 25.00","USD 21.00","16%","USD","7","USD 1.47","33","60.0%","https://s.click.aliexpress.com/e/_DcwZjRd"
"1005004770229124","https://ae04.alicdn.com/kf/S149b46c69e644dca870c972ba29a01527.jpg",,"ARC  Men Alpha Gold Embroidery  GORE-TEXPRO SV Jacket Top Quality Waterproof Shell Function Outdoor Jackets Coat","USD 279.00","USD 103.23","63%","USD","9.0","USD 9.29","33","100.0%","https://s.click.aliexpress.com/e/_DljDozN"
"32826233727","https://ae04.alicdn.com/kf/H22100fd3d7414eebb58cace2a9626ae6z.jpg","http://cloud.video.taobao.com/play/u/2675628091/p/1/e/6/t/1/269353910193.mp4","Glorious Eagle Pattern Dog Coat PU Leather Jacket Soft Waterproof Outdoor Puppy Outerwear Fashion Clothes For Small Pet(XXS-XXL)","USD 24.06","USD 24.06","0%","USD","8.0","USD 1.92","52","100.0%","https://s.click.aliexpress.com/e/_DF1XYqR"
"32963617706","https://ae04.alicdn.com/kf/HLB1VC85as_vK1RkSmRyq6xwupXaY.jpg",,"Winter Warm Dog Coat Jacket Knitting Sport Style Pet Cat Puppy Sweater Hooded Dog Clothes For Small Dogs","USD 10.39","USD 9.35","10%","USD","8.0","USD 0.75","30","100.0%","https://s.click.aliexpress.com/e/_DBBRXrV"
"1005003341610701","https://ae04.alicdn.com/kf/S91d99de786f5441ba6b8b2dfc99180d0C.jpg",,"Big Size Winter Teenager Boys Jacket Mid-Length Plus Velvet Thickening Keep Warm Down Cotton Hooded Outerwear For 4-14 Years Old","USD 17.45","USD 13.96","20%","USD","9","USD 1.26","94","92.1%","https://s.click.aliexpress.com/e/_DdkP6eX"
"4000962496058","https://ae04.alicdn.com/kf/H23a3d331b0f748f89cf04cdf94af1bc4C.png",,"Spring Autumn Motorcycle Leather Jackets Women Short PU Leather Coat Female Soft Faux Leather Biker Jacket Female Yellow Blue 59","USD 45.76","USD 22.88","50%","USD","9","USD 2.06","20","96.0%","https://s.click.aliexpress.com/e/_DBoc071"
"1005004113210697","https://ae04.alicdn.com/kf/S210bd1d0ec8e462eaca6c4c6499f73423.jpg","http://cloud.video.taobao.com/play/u/2675628091/p/1/e/6/t/1/343747145067.mp4","Mountain Bike Pro Team Riding Windbreaker Slopline Bicycle Windshield Jacket Men Waterproof Ultralight Windbreaker Raincoat","USD 38.50","USD 18.86","51%","USD","8.0","USD 1.51","47","88.9%","https://s.click.aliexpress.com/e/_DDLK4cb"
"1005004529033877","https://ae04.alicdn.com/kf/Sa87e4f498af24e7a9bf89b3b470b29b2u.jpg",,"Fitness LuLu Running Street Women Yoga Clothes Jackets Tops Blazer Cardigan Without Cap Tight Coat Casual Clothing","USD 44.94","USD 29.21","35%","USD","7","USD 2.04","34","100.0%","https://s.click.aliexpress.com/e/_DBp7Yll"
"4000415493643","https://ae04.alicdn.com/kf/S0985831612974ae0a3797a8d86ab933fm.jpeg","http://cloud.video.taobao.com/play/u/2675628091/p/1/e/6/t/1/291361900048.mp4","Dog Outdoor Jacket Waterproof Reflective Pet Coat Vest Winter Warm Cotton Dogs Clothing for Large Middle Dogs  Labrador","USD 20.99","USD 14.69","30%","USD","7","USD 1.03","125","98.4%","https://s.click.aliexpress.com/e/_DB3VC2B"
"4000212737554","https://ae04.alicdn.com/kf/H0ea82c4eb74c491a84373111ce4bf38b3.jpg",,"2022 Pet Dog Clothes Winter Warm Dog Windproof Coat Thicken Pet Clothing For Dogs Costume Jumpsuit Hoodies Jacket Pet Supplies","USD 9.40","USD 7.99","15%","USD","7","USD 0.56","376","98.2%","https://s.click.aliexpress.com/e/_Dk8LRej"
"4001165392090","https://ae04.alicdn.com/kf/S716e712bc115415baa4ae5cbf5047edeq.jpg",,"Dog Clothes Waterproof Pet Custome Jumpsuit Winter Jacket Warm Clothes For Small Dogs French Bulldog Puppy Chihuahua York Cats","USD 9.45","USD 6.71","29%","USD","8.0","USD 0.54","39","100.0%","https://s.click.aliexpress.com/e/_DES95nz"
"1005001881515227","https://ae04.alicdn.com/kf/He4ecde75507f4bd6afd49477165fec52U.jpg",,"Down French Bulldog Dogs Vest Jacket Winter Warm Pet Dog Clothes Fashion Chihuahua French Bulldog Small Medium-Sized Dog Coat XL","USD 18.00","USD 10.98","39%","USD","10.0","USD 1.10","58","95.6%","https://s.click.aliexpress.com/e/_DkAdCWP"
"1005003675398510","https://ae04.alicdn.com/kf/Hf800dd3dc2214022afddc02e64f183fbl.jpg",,"SPEXCEL 2022 All Season New Classic Lightweight Windproof Cycling Jacket bike Jacket New Stretch Fabric 3 Back pocket","USD 27.99","USD 24.91","11%","USD","7","USD 1.74","24","80.0%","https://s.click.aliexpress.com/e/_DEPiuzV"
"1005004720108199","https://ae04.alicdn.com/kf/S20bee80cb495451f9e8d46990291f731I.jpg",,"Men's High-quality Jackets Autumn And Winter New Jackets Thickened Padded Jackets Zipper Hooded Coats Men's Down Jackets","USD 40.00","USD 18.80","53%","USD","9.0","USD 1.69","26","100.0%","https://s.click.aliexpress.com/e/_DFVOiZH"
"4000434160941","https://ae04.alicdn.com/kf/H79deae0bd931470888386f54ed1d1000C.jpg","http://cloud.video.taobao.com/play/u/2675628091/p/1/e/6/t/1/254927903869.mp4","XS-2XL Denim Dog Clothes Cowboy Pet Dog Coat Puppy Clothing For Small Dogs Jeans Jacket Dog Vest Coat Puppy Outfits Cat Clothes","USD 9.33","USD 6.06","35%","USD","8.0","USD 0.48","733","97.6%","https://s.click.aliexpress.com/e/_DkGmxIL"
"4000298821692","https://ae04.alicdn.com/kf/H5a8b169ba6814828968f3f6d578dceebB.jpg","http://cloud.video.taobao.com/play/u/2675628091/p/1/e/6/t/1/231431488934.mp4","Pet Dog Clothes Winter Super Warm Jacket Thicker Cotton Coat Waterproof For Small Medium For Dogs Puppy Yorkshire Outfit","USD 3.22","USD 2.61","19%","USD","7","USD 0.18","356","97.5%","https://s.click.aliexpress.com/e/_DmvKvyR"
"1005001308686453","https://ae04.alicdn.com/kf/Hb01c931f9a3b40cca7f17c507494fec26.jpg",,"Warm Dog Clothes For French Bulldog Pug Chihuahua Winter Dog Coat Jacket Pet Puppy Clothes Costume Pets Clothing Vest Ropa Perro","USD 4.59","USD 4.36","5%","USD","8.0","USD 0.35","53","100.0%","https://s.click.aliexpress.com/e/_DlvuHS7"
"1005003023694671","https://ae04.alicdn.com/kf/H4108be7e02ab47f5a451fe812cd14a36P.jpg",,"Luxury M65 Mens Army Field Jacket Padded Lining Outdoor Cotton Parka Spring Autumn Winter Hiking Hunting 3 In 1 Padding Jackets","USD 75.00","USD 45.00","40%","USD","9.0","USD 4.05","23","97.1%","https://s.click.aliexpress.com/e/_Dmx4Kbv"
